Orthogroup	Duplications (all)	Duplications (50% support)
OG0000000	256	256
OG0000001	160	160
OG0000002	128	128
OG0000003	119	119
OG0000004	101	101
OG0000005	100	100
OG0000006	92	92
OG0000007	84	84
OG0000008	82	82
OG0000009	79	79
OG0000010	78	78
OG0000011	75	75
OG0000012	66	66
OG0000013	66	66
OG0000014	63	63
OG0000015	64	64
OG0000016	63	63
OG0000017	61	61
OG0000018	61	61
OG0000019	59	59
OG0000020	58	58
OG0000021	58	58
OG0000022	58	58
OG0000023	56	56
OG0000024	54	54
OG0000025	50	50
OG0000026	47	47
OG0000027	44	44
OG0000028	44	44
OG0000029	44	44
OG0000030	42	42
OG0000031	41	41
OG0000032	42	42
OG0000033	40	40
OG0000034	40	40
OG0000035	39	39
OG0000036	38	38
OG0000037	37	37
OG0000038	35	35
OG0000039	36	36
OG0000040	35	35
OG0000041	35	35
OG0000042	34	34
OG0000043	34	34
OG0000044	34	34
OG0000045	33	33
OG0000046	33	33
OG0000047	33	33
OG0000048	33	33
OG0000049	32	32
OG0000050	32	32
OG0000051	32	32
OG0000052	28	28
OG0000053	31	31
OG0000054	31	31
OG0000055	29	29
OG0000056	30	30
OG0000057	30	30
OG0000058	30	30
OG0000059	29	29
OG0000060	27	27
OG0000061	28	28
OG0000062	28	28
OG0000063	27	27
OG0000064	27	27
OG0000065	26	26
OG0000066	25	25
OG0000067	26	26
OG0000068	24	24
OG0000069	25	25
OG0000070	22	22
OG0000071	23	23
OG0000072	24	24
OG0000073	24	24
OG0000074	24	24
OG0000075	24	24
OG0000076	24	24
OG0000077	23	23
OG0000078	23	23
OG0000079	23	23
OG0000080	22	22
OG0000081	22	22
OG0000082	22	22
OG0000083	22	22
OG0000084	22	22
OG0000085	22	22
OG0000086	22	22
OG0000087	21	21
OG0000088	21	21
OG0000089	21	21
OG0000090	21	21
OG0000091	21	21
OG0000092	21	21
OG0000093	19	19
OG0000094	20	20
OG0000095	20	20
OG0000096	20	20
OG0000097	19	19
OG0000098	19	19
OG0000099	19	19
OG0000100	18	18
OG0000101	18	18
OG0000102	18	18
OG0000103	18	18
OG0000104	18	18
OG0000105	18	18
OG0000106	17	17
OG0000107	17	17
OG0000108	17	17
OG0000109	17	17
OG0000110	16	16
OG0000111	16	16
OG0000112	16	16
OG0000113	16	16
OG0000114	16	16
OG0000115	16	16
OG0000116	16	16
OG0000117	16	16
OG0000118	16	16
OG0000119	14	14
OG0000120	15	15
OG0000121	14	14
OG0000122	15	15
OG0000123	15	15
OG0000124	14	14
OG0000125	15	15
OG0000126	15	15
OG0000127	15	15
OG0000128	15	15
OG0000129	15	15
OG0000130	15	15
OG0000131	15	15
OG0000132	13	13
OG0000133	13	13
OG0000134	14	14
OG0000135	12	12
OG0000136	14	14
OG0000137	14	14
OG0000138	14	14
OG0000139	14	14
OG0000140	14	14
OG0000141	14	14
OG0000142	13	13
OG0000143	13	13
OG0000144	13	13
OG0000145	13	13
OG0000146	12	12
OG0000147	13	13
OG0000148	13	13
OG0000149	13	13
OG0000150	9	9
OG0000151	9	9
OG0000152	11	11
OG0000153	11	11
OG0000154	12	12
OG0000155	12	12
OG0000156	11	11
OG0000157	12	12
OG0000158	9	9
OG0000159	10	10
OG0000160	12	12
OG0000161	11	11
OG0000162	12	12
OG0000163	12	12
OG0000164	12	12
OG0000165	12	12
OG0000166	12	12
OG0000167	12	12
OG0000168	11	11
OG0000169	11	11
OG0000170	10	10
OG0000171	10	10
OG0000172	11	11
OG0000173	11	11
OG0000174	8	8
OG0000175	9	9
OG0000176	9	9
OG0000177	10	10
OG0000178	10	10
OG0000179	11	11
OG0000180	11	11
OG0000181	11	11
OG0000182	11	11
OG0000183	11	11
OG0000184	11	11
OG0000185	11	11
OG0000186	9	9
OG0000187	10	10
OG0000188	10	10
OG0000189	8	8
OG0000190	10	10
OG0000191	9	9
OG0000192	9	9
OG0000193	10	10
OG0000194	10	10
OG0000195	10	10
OG0000196	10	10
OG0000197	10	10
OG0000198	10	10
OG0000199	10	10
OG0000200	9	9
OG0000201	9	9
OG0000202	9	9
OG0000203	8	8
OG0000204	7	7
OG0000205	8	8
OG0000206	8	8
OG0000207	7	7
OG0000208	8	8
OG0000209	9	9
OG0000210	8	8
OG0000211	7	7
OG0000212	8	8
OG0000213	8	8
OG0000214	9	9
OG0000215	9	9
OG0000216	9	9
OG0000217	9	9
OG0000218	9	9
OG0000219	9	9
OG0000220	9	9
OG0000221	9	9
OG0000222	9	9
OG0000223	9	9
OG0000224	7	7
OG0000225	5	5
OG0000226	7	7
OG0000227	8	8
OG0000228	5	5
OG0000229	7	7
OG0000230	6	6
OG0000231	6	6
OG0000232	7	7
OG0000233	8	8
OG0000234	8	8
OG0000235	8	8
OG0000236	8	8
OG0000237	7	7
OG0000238	7	7
OG0000239	8	8
OG0000240	8	8
OG0000241	5	5
OG0000242	7	7
OG0000243	8	8
OG0000244	7	7
OG0000245	5	5
OG0000246	4	4
OG0000247	4	4
OG0000248	7	7
OG0000249	7	7
OG0000250	7	7
OG0000251	8	8
OG0000252	8	8
OG0000253	8	8
OG0000254	8	8
OG0000255	8	8
OG0000256	8	8
OG0000257	8	8
OG0000258	8	8
OG0000259	8	8
OG0000260	8	8
OG0000261	8	8
OG0000262	6	6
OG0000263	6	6
OG0000264	6	6
OG0000265	5	5
OG0000266	7	7
OG0000267	3	3
OG0000268	6	6
OG0000269	7	7
OG0000270	6	6
OG0000271	7	7
OG0000272	5	5
OG0000273	4	4
OG0000274	6	6
OG0000275	7	7
OG0000276	7	7
OG0000277	3	3
OG0000278	6	6
OG0000279	6	6
OG0000280	5	5
OG0000281	7	7
OG0000282	7	7
OG0000283	6	6
OG0000284	5	5
OG0000285	6	6
OG0000286	6	6
OG0000287	3	3
OG0000288	6	6
OG0000289	6	6
OG0000290	6	6
OG0000291	6	6
OG0000292	7	7
OG0000293	7	7
OG0000294	7	7
OG0000295	7	7
OG0000296	7	7
OG0000297	7	7
OG0000298	7	7
OG0000299	7	7
OG0000300	7	7
OG0000301	7	7
OG0000302	7	7
OG0000303	7	7
OG0000304	7	7
OG0000305	7	7
OG0000306	7	7
OG0000307	7	7
OG0000308	7	7
OG0000309	7	7
OG0000310	7	7
OG0000311	7	7
OG0000312	5	5
OG0000313	3	3
OG0000314	6	6
OG0000315	5	5
OG0000316	5	5
OG0000317	5	5
OG0000318	4	4
OG0000319	3	3
OG0000320	3	3
OG0000321	5	5
OG0000322	3	3
OG0000323	3	3
OG0000324	3	3
OG0000325	5	5
OG0000326	3	3
OG0000327	6	6
OG0000328	5	5
OG0000329	6	6
OG0000330	5	5
OG0000331	3	3
OG0000332	6	6
OG0000333	5	5
OG0000334	4	4
OG0000335	6	6
OG0000336	6	6
OG0000337	5	5
OG0000338	5	5
OG0000339	6	6
OG0000340	4	4
OG0000341	5	5
OG0000342	6	6
OG0000343	6	6
OG0000344	5	5
OG0000345	5	5
OG0000346	5	5
OG0000347	4	4
OG0000348	5	5
OG0000349	4	4
OG0000350	3	3
OG0000351	4	4
OG0000352	5	5
OG0000353	3	3
OG0000354	5	5
OG0000355	5	5
OG0000356	5	5
OG0000357	5	5
OG0000358	5	5
OG0000359	3	3
OG0000360	3	3
OG0000361	5	5
OG0000362	5	5
OG0000363	5	5
OG0000364	6	6
OG0000365	6	6
OG0000366	6	6
OG0000367	6	6
OG0000368	6	6
OG0000369	6	6
OG0000370	6	6
OG0000371	6	6
OG0000372	6	6
OG0000373	6	6
OG0000374	6	6
OG0000375	6	6
OG0000376	6	6
OG0000377	6	6
OG0000378	6	6
OG0000379	6	6
OG0000380	6	6
OG0000381	6	6
OG0000382	6	6
OG0000383	6	6
OG0000384	6	6
OG0000385	6	6
OG0000386	6	6
OG0000387	6	6
OG0000388	6	6
OG0000389	6	6
OG0000390	6	6
OG0000391	6	6
OG0000392	6	6
OG0000393	4	4
OG0000394	3	3
OG0000395	5	5
OG0000396	5	5
OG0000397	5	5
OG0000398	3	3
OG0000399	2	2
OG0000400	5	5
OG0000401	4	4
OG0000402	4	4
OG0000403	5	5
OG0000404	3	3
OG0000405	5	5
OG0000406	5	5
OG0000407	4	4
OG0000408	4	4
OG0000409	4	4
OG0000410	5	5
OG0000411	2	2
OG0000412	2	2
OG0000413	2	2
OG0000414	3	3
OG0000415	4	4
OG0000416	5	5
OG0000417	4	4
OG0000418	4	4
OG0000419	3	3
OG0000420	5	5
OG0000421	2	2
OG0000422	3	3
OG0000423	5	5
OG0000424	2	2
OG0000425	5	5
OG0000426	5	5
OG0000427	5	5
OG0000428	4	4
OG0000429	2	2
OG0000430	4	4
OG0000431	5	5
OG0000432	4	4
OG0000433	2	2
OG0000434	4	4
OG0000435	5	5
OG0000436	5	5
OG0000437	2	2
OG0000438	4	4
OG0000439	5	5
OG0000440	4	4
OG0000441	5	5
OG0000442	5	5
OG0000443	2	2
OG0000444	5	5
OG0000445	3	3
OG0000446	4	4
OG0000447	3	3
OG0000448	2	2
OG0000449	3	3
OG0000450	4	4
OG0000451	5	5
OG0000452	4	4
OG0000453	3	3
OG0000454	2	2
OG0000455	4	4
OG0000456	3	3
OG0000457	3	3
OG0000458	5	5
OG0000459	3	3
OG0000460	2	2
OG0000461	2	2
OG0000462	3	3
OG0000463	3	3
OG0000464	4	4
OG0000465	4	4
OG0000466	5	5
OG0000467	4	4
OG0000468	3	3
OG0000469	3	3
OG0000470	4	4
OG0000471	2	2
OG0000472	3	3
OG0000473	4	4
OG0000474	2	2
OG0000475	4	4
OG0000476	2	2
OG0000477	3	3
OG0000478	3	3
OG0000479	3	3
OG0000480	2	2
OG0000481	4	4
OG0000482	4	4
OG0000483	3	3
OG0000484	3	3
OG0000485	5	5
OG0000486	4	4
OG0000487	4	4
OG0000488	2	2
OG0000489	3	3
OG0000490	2	2
OG0000491	3	3
OG0000492	4	4
OG0000493	2	2
OG0000494	3	3
OG0000495	3	3
OG0000496	3	3
OG0000497	4	4
OG0000498	2	2
OG0000499	2	2
OG0000500	4	4
OG0000501	4	4
OG0000502	4	4
OG0000503	4	4
OG0000504	3	3
OG0000505	4	4
OG0000506	2	2
OG0000507	4	4
OG0000508	4	4
OG0000509	4	4
OG0000510	4	4
OG0000511	4	4
OG0000512	4	4
OG0000513	3	3
OG0000514	5	5
OG0000515	5	5
OG0000516	5	5
OG0000517	5	5
OG0000518	5	5
OG0000519	5	5
OG0000520	5	5
OG0000521	5	5
OG0000522	5	5
OG0000523	5	5
OG0000524	5	5
OG0000525	5	5
OG0000526	5	5
OG0000527	5	5
OG0000528	5	5
OG0000529	5	5
OG0000530	5	5
OG0000531	5	5
OG0000532	5	5
OG0000533	5	5
OG0000534	5	5
OG0000535	5	5
OG0000536	5	5
OG0000537	5	5
OG0000538	5	5
OG0000539	5	5
OG0000540	5	5
OG0000541	5	5
OG0000542	5	5
OG0000543	5	5
OG0000544	5	5
OG0000545	5	5
OG0000546	5	5
OG0000547	4	4
OG0000548	2	2
OG0000549	2	2
OG0000550	3	3
OG0000551	2	2
OG0000552	3	3
OG0000553	2	2
OG0000554	3	3
OG0000555	2	2
OG0000556	2	2
OG0000557	3	3
OG0000558	3	3
OG0000559	2	2
OG0000560	3	3
OG0000561	4	4
OG0000562	3	3
OG0000563	4	4
OG0000564	4	4
OG0000565	2	2
OG0000566	3	3
OG0000567	2	2
OG0000568	2	2
OG0000569	3	3
OG0000570	2	2
OG0000571	3	3
OG0000572	2	2
OG0000573	4	4
OG0000574	3	3
OG0000575	3	3
OG0000576	2	2
OG0000577	3	3
OG0000578	3	3
OG0000579	4	4
OG0000580	3	3
OG0000581	4	4
OG0000582	4	4
OG0000583	3	3
OG0000584	3	3
OG0000585	3	3
OG0000586	2	2
OG0000587	3	3
OG0000588	3	3
OG0000589	4	4
OG0000590	2	2
OG0000591	3	3
OG0000592	3	3
OG0000593	4	4
OG0000594	2	2
OG0000595	3	3
OG0000596	3	3
OG0000597	2	2
OG0000598	3	3
OG0000599	2	2
OG0000600	2	2
OG0000601	3	3
OG0000602	2	2
OG0000603	3	3
OG0000604	2	2
OG0000605	3	3
OG0000606	2	2
OG0000607	2	2
OG0000608	3	3
OG0000609	3	3
OG0000610	2	2
OG0000611	3	3
OG0000612	4	4
OG0000613	2	2
OG0000614	2	2
OG0000615	3	3
OG0000616	2	2
OG0000617	4	4
OG0000618	2	2
OG0000619	2	2
OG0000620	4	4
OG0000621	3	3
OG0000622	3	3
OG0000623	3	3
OG0000624	3	3
OG0000625	3	3
OG0000626	3	3
OG0000627	4	4
OG0000628	3	3
OG0000629	3	3
OG0000630	4	4
OG0000631	2	2
OG0000632	4	4
OG0000633	4	4
OG0000634	2	2
OG0000635	2	2
OG0000636	2	2
OG0000637	2	2
OG0000638	4	4
OG0000639	3	3
OG0000640	4	4
OG0000641	2	2
OG0000642	3	3
OG0000643	2	2
OG0000644	2	2
OG0000645	3	3
OG0000646	2	2
OG0000647	2	2
OG0000648	3	3
OG0000649	2	2
OG0000650	4	4
OG0000651	2	2
OG0000652	3	3
OG0000653	2	2
OG0000654	2	2
OG0000655	2	2
OG0000656	3	3
OG0000657	4	4
OG0000658	2	2
OG0000659	3	3
OG0000660	2	2
OG0000661	2	2
OG0000662	2	2
OG0000663	2	2
OG0000664	3	3
OG0000665	3	3
OG0000666	2	2
OG0000667	3	3
OG0000668	2	2
OG0000669	2	2
OG0000670	2	2
OG0000671	2	2
OG0000672	2	2
OG0000673	4	4
OG0000674	4	4
OG0000675	2	2
OG0000676	2	2
OG0000677	2	2
OG0000678	4	4
OG0000679	2	2
OG0000680	4	4
OG0000681	2	2
OG0000682	4	4
OG0000683	3	3
OG0000684	2	2
OG0000685	4	4
OG0000686	3	3
OG0000687	2	2
OG0000688	3	3
OG0000689	2	2
OG0000690	2	2
OG0000691	3	3
OG0000692	4	4
OG0000693	4	4
OG0000694	2	2
OG0000695	3	3
OG0000696	3	3
OG0000697	2	2
OG0000698	3	3
OG0000699	3	3
OG0000700	2	2
OG0000701	2	2
OG0000702	3	3
OG0000703	3	3
OG0000704	3	3
OG0000705	2	2
OG0000706	3	3
OG0000707	2	2
OG0000708	2	2
OG0000709	2	2
OG0000710	3	3
OG0000711	3	3
OG0000712	2	2
OG0000713	2	2
OG0000714	4	4
OG0000715	3	3
OG0000716	2	2
OG0000717	3	3
OG0000718	2	2
OG0000719	4	4
OG0000720	3	3
OG0000721	2	2
OG0000722	3	3
OG0000723	2	2
OG0000724	2	2
OG0000725	2	2
OG0000726	2	2
OG0000727	3	3
OG0000728	3	3
OG0000729	2	2
OG0000730	3	3
OG0000731	2	2
OG0000732	3	3
OG0000733	4	4
OG0000734	3	3
OG0000735	2	2
OG0000736	3	3
OG0000737	2	2
OG0000738	3	3
OG0000739	2	2
OG0000740	2	2
OG0000741	2	2
OG0000742	2	2
OG0000743	3	3
OG0000744	3	3
OG0000745	4	4
OG0000746	2	2
OG0000747	2	2
OG0000748	2	2
OG0000749	2	2
OG0000750	2	2
OG0000751	2	2
OG0000752	3	3
OG0000753	3	3
OG0000754	2	2
OG0000755	2	2
OG0000756	3	3
OG0000757	2	2
OG0000758	4	4
OG0000759	3	3
OG0000760	2	2
OG0000761	3	3
OG0000762	3	3
OG0000763	2	2
OG0000764	3	3
OG0000765	2	2
OG0000766	2	2
OG0000767	3	3
OG0000768	2	2
OG0000769	2	2
OG0000770	3	3
OG0000771	4	4
OG0000772	3	3
OG0000773	3	3
OG0000774	2	2
OG0000775	2	2
OG0000776	3	3
OG0000777	2	2
OG0000778	2	2
OG0000779	3	3
OG0000780	3	3
OG0000781	3	3
OG0000782	3	3
OG0000783	2	2
OG0000784	3	3
OG0000785	2	2
OG0000786	2	2
OG0000787	2	2
OG0000788	3	3
OG0000789	2	2
OG0000790	3	3
OG0000791	2	2
OG0000792	2	2
OG0000793	2	2
OG0000794	3	3
OG0000795	3	3
OG0000796	3	3
OG0000797	3	3
OG0000798	2	2
OG0000799	3	3
OG0000800	4	4
OG0000801	4	4
OG0000802	4	4
OG0000803	4	4
OG0000804	4	4
OG0000805	4	4
OG0000806	4	4
OG0000807	4	4
OG0000808	4	4
OG0000809	4	4
OG0000810	4	4
OG0000811	4	4
OG0000812	4	4
OG0000813	4	4
OG0000814	4	4
OG0000815	4	4
OG0000816	4	4
OG0000817	4	4
OG0000818	4	4
OG0000819	4	4
OG0000820	4	4
OG0000821	4	4
OG0000822	4	4
OG0000823	4	4
OG0000824	4	4
OG0000825	4	4
OG0000826	4	4
OG0000827	4	4
OG0000828	4	4
OG0000829	4	4
OG0000830	4	4
OG0000831	4	4
OG0000832	4	4
OG0000833	4	4
OG0000834	4	4
OG0000835	4	4
OG0000836	4	4
OG0000837	4	4
OG0000838	4	4
OG0000839	4	4
OG0000840	3	3
OG0000841	1	1
OG0000842	2	2
OG0000843	3	3
OG0000844	1	1
OG0000845	3	3
OG0000846	2	2
OG0000847	2	2
OG0000848	1	1
OG0000849	1	1
OG0000850	2	2
OG0000851	1	1
OG0000852	1	1
OG0000853	2	2
OG0000854	2	2
OG0000855	2	2
OG0000856	1	1
OG0000857	2	2
OG0000858	1	1
OG0000859	3	3
OG0000860	2	2
OG0000861	2	2
OG0000862	1	1
OG0000863	1	1
OG0000864	1	1
OG0000865	1	1
OG0000866	3	3
OG0000867	1	1
OG0000868	1	1
OG0000869	1	1
OG0000870	2	2
OG0000871	2	2
OG0000872	2	2
OG0000873	1	1
OG0000874	1	1
OG0000875	2	2
OG0000876	2	2
OG0000877	2	2
OG0000878	2	2
OG0000879	3	3
OG0000880	1	1
OG0000881	2	2
OG0000882	2	2
OG0000883	2	2
OG0000884	1	1
OG0000885	2	2
OG0000886	2	2
OG0000887	2	2
OG0000888	1	1
OG0000889	1	1
OG0000890	1	1
OG0000891	1	1
OG0000892	1	1
OG0000893	3	3
OG0000894	2	2
OG0000895	2	2
OG0000896	1	1
OG0000897	1	1
OG0000898	1	1
OG0000899	1	1
OG0000900	1	1
OG0000901	1	1
OG0000902	2	2
OG0000903	2	2
OG0000904	1	1
OG0000905	1	1
OG0000906	1	1
OG0000907	2	2
OG0000908	2	2
OG0000909	1	1
OG0000910	3	3
OG0000911	1	1
OG0000912	1	1
OG0000913	2	2
OG0000914	1	1
OG0000915	1	1
OG0000916	2	2
OG0000917	2	2
OG0000918	1	1
OG0000919	1	1
OG0000920	2	2
OG0000921	1	1
OG0000922	2	2
OG0000923	1	1
OG0000924	2	2
OG0000925	2	2
OG0000926	1	1
OG0000927	3	3
OG0000928	1	1
OG0000929	3	3
OG0000930	3	3
OG0000931	2	2
OG0000932	2	2
OG0000933	2	2
OG0000934	2	2
OG0000935	2	2
OG0000936	2	2
OG0000937	2	2
OG0000938	1	1
OG0000939	2	2
OG0000940	3	3
OG0000941	2	2
OG0000942	1	1
OG0000943	3	3
OG0000944	2	2
OG0000945	2	2
OG0000946	1	1
OG0000947	1	1
OG0000948	3	3
OG0000949	1	1
OG0000950	1	1
OG0000951	2	2
OG0000952	2	2
OG0000953	1	1
OG0000954	2	2
OG0000955	2	2
OG0000956	1	1
OG0000957	1	1
OG0000958	2	2
OG0000959	2	2
OG0000960	2	2
OG0000961	3	3
OG0000962	1	1
OG0000963	3	3
OG0000964	2	2
OG0000965	2	2
OG0000966	3	3
OG0000967	1	1
OG0000968	1	1
OG0000969	2	2
OG0000970	1	1
OG0000971	1	1
OG0000972	1	1
OG0000973	2	2
OG0000974	1	1
OG0000975	1	1
OG0000976	1	1
OG0000977	2	2
OG0000978	1	1
OG0000979	2	2
OG0000980	2	2
OG0000981	2	2
OG0000982	1	1
OG0000983	1	1
OG0000984	2	2
OG0000985	2	2
OG0000986	3	3
OG0000987	2	2
OG0000988	1	1
OG0000989	1	1
OG0000990	3	3
OG0000991	3	3
OG0000992	2	2
OG0000993	2	2
OG0000994	2	2
OG0000995	2	2
OG0000996	2	2
OG0000997	1	1
OG0000998	2	2
OG0000999	2	2
OG0001000	1	1
OG0001001	2	2
OG0001002	3	3
OG0001003	3	3
OG0001004	1	1
OG0001005	1	1
OG0001006	2	2
OG0001007	1	1
OG0001008	2	2
OG0001009	2	2
OG0001010	1	1
OG0001011	2	2
OG0001012	2	2
OG0001013	2	2
OG0001014	1	1
OG0001015	2	2
OG0001016	3	3
OG0001017	2	2
OG0001018	3	3
OG0001019	2	2
OG0001020	2	2
OG0001021	2	2
OG0001022	2	2
OG0001023	1	1
OG0001024	1	1
OG0001025	2	2
OG0001026	2	2
OG0001027	2	2
OG0001028	1	1
OG0001029	2	2
OG0001030	2	2
OG0001031	1	1
OG0001032	2	2
OG0001033	2	2
OG0001034	3	3
OG0001035	1	1
OG0001036	1	1
OG0001037	1	1
OG0001038	1	1
OG0001039	2	2
OG0001040	2	2
OG0001041	1	1
OG0001042	1	1
OG0001043	1	1
OG0001044	1	1
OG0001045	3	3
OG0001046	3	3
OG0001047	2	2
OG0001048	2	2
OG0001049	1	1
OG0001050	1	1
OG0001051	3	3
OG0001052	1	1
OG0001053	1	1
OG0001054	2	2
OG0001055	2	2
OG0001056	1	1
OG0001057	2	2
OG0001058	2	2
OG0001059	1	1
OG0001060	1	1
OG0001061	3	3
OG0001062	2	2
OG0001063	1	1
OG0001064	3	3
OG0001065	1	1
OG0001066	2	2
OG0001067	2	2
OG0001068	3	3
OG0001069	1	1
OG0001070	2	2
OG0001071	1	1
OG0001072	2	2
OG0001073	1	1
OG0001074	2	2
OG0001075	2	2
OG0001076	1	1
OG0001077	1	1
OG0001078	2	2
OG0001079	3	3
OG0001080	1	1
OG0001081	3	3
OG0001082	2	2
OG0001083	2	2
OG0001084	1	1
OG0001085	2	2
OG0001086	1	1
OG0001087	1	1
OG0001088	2	2
OG0001089	2	2
OG0001090	1	1
OG0001091	1	1
OG0001092	1	1
OG0001093	1	1
OG0001094	1	1
OG0001095	3	3
OG0001096	2	2
OG0001097	1	1
OG0001098	1	1
OG0001099	2	2
OG0001100	2	2
OG0001101	2	2
OG0001102	2	2
OG0001103	3	3
OG0001104	1	1
OG0001105	2	2
OG0001106	1	1
OG0001107	2	2
OG0001108	1	1
OG0001109	1	1
OG0001110	2	2
OG0001111	2	2
OG0001112	1	1
OG0001113	1	1
OG0001114	1	1
OG0001115	2	2
OG0001116	1	1
OG0001117	1	1
OG0001118	1	1
OG0001119	1	1
OG0001120	2	2
OG0001121	1	1
OG0001122	2	2
OG0001123	1	1
OG0001124	3	3
OG0001125	2	2
OG0001126	2	2
OG0001127	2	2
OG0001128	2	2
OG0001129	2	2
OG0001130	1	1
OG0001131	1	1
OG0001132	1	1
OG0001133	2	2
OG0001134	1	1
OG0001135	2	2
OG0001136	1	1
OG0001137	2	2
OG0001138	2	2
OG0001139	1	1
OG0001140	3	3
OG0001141	2	2
OG0001142	2	2
OG0001143	2	2
OG0001144	1	1
OG0001145	2	2
OG0001146	1	1
OG0001147	2	2
OG0001148	2	2
OG0001149	1	1
OG0001150	1	1
OG0001151	2	2
OG0001152	2	2
OG0001153	1	1
OG0001154	2	2
OG0001155	1	1
OG0001156	2	2
OG0001157	1	1
OG0001158	2	2
OG0001159	2	2
OG0001160	2	2
OG0001161	2	2
OG0001162	2	2
OG0001163	1	1
OG0001164	2	2
OG0001165	2	2
OG0001166	2	2
OG0001167	2	2
OG0001168	2	2
OG0001169	2	2
OG0001170	1	1
OG0001171	1	1
OG0001172	1	1
OG0001173	3	3
OG0001174	2	2
OG0001175	2	2
OG0001176	2	2
OG0001177	3	3
OG0001178	2	2
OG0001179	1	1
OG0001180	1	1
OG0001181	2	2
OG0001182	1	1
OG0001183	1	1
OG0001184	2	2
OG0001185	1	1
OG0001186	2	2
OG0001187	1	1
OG0001188	1	1
OG0001189	2	2
OG0001190	1	1
OG0001191	2	2
OG0001192	2	2
OG0001193	2	2
OG0001194	2	2
OG0001195	1	1
OG0001196	2	2
OG0001197	2	2
OG0001198	1	1
OG0001199	2	2
OG0001200	2	2
OG0001201	1	1
OG0001202	1	1
OG0001203	2	2
OG0001204	2	2
OG0001205	1	1
OG0001206	2	2
OG0001207	3	3
OG0001208	3	3
OG0001209	2	2
OG0001210	2	2
OG0001211	2	2
OG0001212	2	2
OG0001213	1	1
OG0001214	1	1
OG0001215	1	1
OG0001216	2	2
OG0001217	3	3
OG0001218	1	1
OG0001219	2	2
OG0001220	1	1
OG0001221	3	3
OG0001222	1	1
OG0001223	2	2
OG0001224	1	1
OG0001225	1	1
OG0001226	1	1
OG0001227	1	1
OG0001228	2	2
OG0001229	2	2
OG0001230	1	1
OG0001231	3	3
OG0001232	1	1
OG0001233	3	3
OG0001234	2	2
OG0001235	2	2
OG0001236	1	1
OG0001237	2	2
OG0001238	1	1
OG0001239	2	2
OG0001240	1	1
OG0001241	2	2
OG0001242	2	2
OG0001243	1	1
OG0001244	1	1
OG0001245	2	2
OG0001246	2	2
OG0001247	1	1
OG0001248	2	2
OG0001249	2	2
OG0001250	2	2
OG0001251	1	1
OG0001252	1	1
OG0001253	2	2
OG0001254	1	1
OG0001255	1	1
OG0001256	2	2
OG0001257	2	2
OG0001258	1	1
OG0001259	2	2
OG0001260	1	1
OG0001261	1	1
OG0001262	2	2
OG0001263	1	1
OG0001264	2	2
OG0001265	2	2
OG0001266	1	1
OG0001267	3	3
OG0001268	1	1
OG0001269	1	1
OG0001270	2	2
OG0001271	2	2
OG0001272	2	2
OG0001273	2	2
OG0001274	1	1
OG0001275	1	1
OG0001276	2	2
OG0001277	2	2
OG0001278	2	2
OG0001279	2	2
OG0001280	1	1
OG0001281	1	1
OG0001282	2	2
OG0001283	1	1
OG0001284	2	2
OG0001285	2	2
OG0001286	2	2
OG0001287	1	1
OG0001288	2	2
OG0001289	2	2
OG0001290	2	2
OG0001291	2	2
OG0001292	2	2
OG0001293	2	2
OG0001294	2	2
OG0001295	1	1
OG0001296	2	2
OG0001297	2	2
OG0001298	2	2
OG0001299	2	2
OG0001300	1	1
OG0001301	1	1
OG0001302	1	1
OG0001303	1	1
OG0001304	2	2
OG0001305	3	3
OG0001306	2	2
OG0001307	2	2
OG0001308	2	2
OG0001309	1	1
OG0001310	1	1
OG0001311	1	1
OG0001312	1	1
OG0001313	3	3
OG0001314	1	1
OG0001315	1	1
OG0001316	2	2
OG0001317	1	1
OG0001318	2	2
OG0001319	1	1
OG0001320	1	1
OG0001321	2	2
OG0001322	1	1
OG0001323	2	2
OG0001324	2	2
OG0001325	1	1
OG0001326	1	1
OG0001327	2	2
OG0001328	1	1
OG0001329	2	2
OG0001330	1	1
OG0001331	1	1
OG0001332	2	2
OG0001333	2	2
OG0001334	2	2
OG0001335	1	1
OG0001336	2	2
OG0001337	2	2
OG0001338	2	2
OG0001339	1	1
OG0001340	1	1
OG0001341	1	1
OG0001342	2	2
OG0001343	3	3
OG0001344	2	2
OG0001345	1	1
OG0001346	1	1
OG0001347	2	2
OG0001348	2	2
OG0001349	2	2
OG0001350	2	2
OG0001351	1	1
OG0001352	1	1
OG0001353	2	2
OG0001354	1	1
OG0001355	2	2
OG0001356	2	2
OG0001357	2	2
OG0001358	2	2
OG0001359	2	2
OG0001360	2	2
OG0001361	2	2
OG0001362	1	1
OG0001363	1	1
OG0001364	2	2
OG0001365	1	1
OG0001366	1	1
OG0001367	3	3
OG0001368	2	2
OG0001369	2	2
OG0001370	2	2
OG0001371	2	2
OG0001372	2	2
OG0001373	2	2
OG0001374	1	1
OG0001375	1	1
OG0001376	3	3
OG0001377	2	2
OG0001378	2	2
OG0001379	3	3
OG0001380	1	1
OG0001381	2	2
OG0001382	2	2
OG0001383	2	2
OG0001384	2	2
OG0001385	2	2
OG0001386	2	2
OG0001387	2	2
OG0001388	1	1
OG0001389	1	1
OG0001390	1	1
OG0001391	1	1
OG0001392	2	2
OG0001393	2	2
OG0001394	1	1
OG0001395	1	1
OG0001396	2	2
OG0001397	1	1
OG0001398	1	1
OG0001399	1	1
OG0001400	2	2
OG0001401	1	1
OG0001402	2	2
OG0001403	1	1
OG0001404	1	1
OG0001405	2	2
OG0001406	1	1
OG0001407	2	2
OG0001408	1	1
OG0001409	2	2
OG0001410	1	1
OG0001411	2	2
OG0001412	2	2
OG0001413	1	1
OG0001414	1	1
OG0001415	2	2
OG0001416	2	2
OG0001417	2	2
OG0001418	2	2
OG0001419	2	2
OG0001420	1	1
OG0001421	1	1
OG0001422	1	1
OG0001423	1	1
OG0001424	2	2
OG0001425	2	2
OG0001426	2	2
OG0001427	1	1
OG0001428	1	1
OG0001429	1	1
OG0001430	2	2
OG0001431	2	2
OG0001432	2	2
OG0001433	1	1
OG0001434	1	1
OG0001435	1	1
OG0001436	2	2
OG0001437	2	2
OG0001438	1	1
OG0001439	1	1
OG0001440	1	1
OG0001441	1	1
OG0001442	1	1
OG0001443	1	1
OG0001444	2	2
OG0001445	2	2
OG0001446	2	2
OG0001447	1	1
OG0001448	2	2
OG0001449	2	2
OG0001450	1	1
OG0001451	2	2
OG0001452	2	2
OG0001453	2	2
OG0001454	1	1
OG0001455	2	2
OG0001456	2	2
OG0001457	1	1
OG0001458	2	2
OG0001459	2	2
OG0001460	2	2
OG0001461	1	1
OG0001462	2	2
OG0001463	2	2
OG0001464	2	2
OG0001465	2	2
OG0001466	2	2
OG0001467	1	1
OG0001468	2	2
OG0001469	2	2
OG0001470	1	1
OG0001471	2	2
OG0001472	1	1
OG0001473	2	2
OG0001474	1	1
OG0001475	2	2
OG0001476	2	2
OG0001477	1	1
OG0001478	1	1
OG0001479	1	1
OG0001480	1	1
OG0001481	2	2
OG0001482	2	2
OG0001483	2	2
OG0001484	2	2
OG0001485	1	1
OG0001486	2	2
OG0001487	2	2
OG0001488	1	1
OG0001489	2	2
OG0001490	2	2
OG0001491	1	1
OG0001492	1	1
OG0001493	2	2
OG0001494	2	2
OG0001495	2	2
OG0001496	2	2
OG0001497	2	2
OG0001498	2	2
OG0001499	2	2
OG0001500	2	2
OG0001501	2	2
OG0001502	2	2
OG0001503	2	2
OG0001504	2	2
OG0001505	2	2
OG0001506	3	3
OG0001507	3	3
OG0001508	3	3
OG0001509	3	3
OG0001510	3	3
OG0001511	3	3
OG0001512	3	3
OG0001513	3	3
OG0001514	3	3
OG0001515	3	3
OG0001516	3	3
OG0001517	3	3
OG0001518	3	3
OG0001519	3	3
OG0001520	3	3
OG0001521	3	3
OG0001522	3	3
OG0001523	3	3
OG0001524	3	3
OG0001525	3	3
OG0001526	3	3
OG0001527	3	3
OG0001528	3	3
OG0001529	3	3
OG0001530	3	3
OG0001531	3	3
OG0001532	3	3
OG0001533	3	3
OG0001534	3	3
OG0001535	3	3
OG0001536	3	3
OG0001537	3	3
OG0001538	3	3
OG0001539	3	3
OG0001540	3	3
OG0001541	3	3
OG0001542	3	3
OG0001543	3	3
OG0001544	3	3
OG0001545	3	3
OG0001546	3	3
OG0001547	3	3
OG0001548	3	3
OG0001549	3	3
OG0001550	3	3
OG0001551	3	3
OG0001552	3	3
OG0001553	3	3
OG0001554	3	3
OG0001555	3	3
OG0001556	3	3
OG0001557	3	3
OG0001558	3	3
OG0001559	3	3
OG0001560	3	3
OG0001561	3	3
OG0001562	3	3
OG0001563	3	3
OG0001564	3	3
OG0001565	3	3
OG0001566	3	3
OG0001567	3	3
OG0001568	3	3
OG0001569	3	3
OG0001570	3	3
OG0001571	3	3
OG0001572	3	3
OG0001573	3	3
OG0001574	3	3
OG0001575	3	3
OG0001576	3	3
