Entrez_ID	UniProt_ID
3265	P01112
3265	X5D945
255928	Q8NB59
255928	A0A1B0GTZ1
255928	A0A8V8TN09
255928	A1L3Y1
57545	Q9P2K1
2760	P17900
2147	P00734
392636	Q6ZNB7
392636	X5D773
3055	P08631
3055	A8K4G3
2562	P28472
2562	B2RCW8
2562	X5DQY4
81555	Q969M3
9542	O14511
9542	F5GZS7
3646	P60228
283987	Q8IV36
84081	Q9H0G5
84081	A0A024QZ33
84081	B7ZL27
3800	O60282
3800	Q59GB8
5138	O00408
5138	Q8IW54
4983	O60890
4983	A0A7P0Z4E9
80746	Q8NCE0
80746	A0A7P0T914
80746	C9J7Z4
8449	O60231
8449	A0A1U9X7L7
8449	B4DZ28
8449	Q5SQH4
8260	P41227
8260	B7Z9N2
3661	Q14653
3661	E2GIM5
3661	E2GIM6
3661	E2GIM7
3661	E2GIM8
3661	E2GIM9
3661	M0QYT9
340665	Q6V0L0
4948	Q04671
6331	Q14524
6331	E9PG18
6331	E9PHB6
6331	H9KVD2
6331	K4DIA1
6331	Q86V90
23270	Q9UJ04
9439	Q9ULK4
9439	Q05DL5
6872	P21675
8803	Q9P2R7
8803	E5KS60
8803	Q9Y4T0
29926	Q96IJ6
29926	A0A384MDS7
6341	O75880
35	P16219
35	B4DUH1
35	E5KSD5
35	E9PE82
7283	P23258
85476	Q96RP9
85476	C9IZ01
85476	E5KND5
51657	Q9Y6J8
51657	Q7Z3H6
284403	O43379
26523	Q9UL18
26523	A0A6I8PTZ8
26523	B2RAD8
26523	B3KME0
26523	Q5TA58
26278	Q9NZJ4
26278	A0A804HIQ1
60675	Q9HC23
60684	Q7Z392
5009	P00480
90	Q04771
90	D3DPA4
3738	P22001
2316	P21333
2316	Q60FE5
2316	Q6NXF2
2332	Q06787
400569	Q9P086
400569	I3L3E8
55644	Q9NPF4
9895	O15040
5190	Q13608
103	P55265
6772	P42224
5195	O75381
112939	Q96RE7
6908	P20226
6908	Q32MN7
53944	Q9HCP0
53944	Q8IXA3
53944	U3KQB3
3782	Q9UGI6
3782	A0A087WYJ0
8869	Q9UNP4
5189	O43933
5189	A0A0C4DG33
5189	B4DER6
54805	Q9H8M5
11141	Q9NZN1
11141	X5DNQ7
79147	Q9H9S5
4338	O96007
4338	O96033
58497	Q86TP1
7569	P17025
9968	Q93074
9698	Q14671
10479	Q92581
10479	A0A1B0GV11
3704	Q9BY32
3704	A0A0S2Z3W7
3704	A0A0S2Z423
3704	Q8WWI0
118788	Q6ZUJ8
118788	Q86YV3
8893	Q13144
23126	Q7Z3K3
1725	P49366
2892	P42263
2892	Q17R51
2892	Q5XKG2
1822	P54259
1822	Q86V38
1284	P08572
387103	Q5EE01
387103	A0A0A0MRK5
4728	O00217
23396	O60331
55621	Q9NXH9
51083	P22466
10154	O60486
2009	O00423
3631	Q96PE3
5727	Q13635
4010	O60663
4010	B7ZLH2
4010	Q6ISE0
10715	P27544
10715	B4DE47
10715	Q5XG75
4734	P46934
7403	O15550
7403	A0A087X0R0
7403	A0A804HJA2
7403	B4E0L8
7403	B7ZKN1
7403	B7ZKN5
7403	B7ZKN6
7403	E1U0S6
7403	F5H5V6
7403	F5H6S1
7403	F8W8R6
7403	Q59HG3
7403	Q86TD1
79868	Q9NP73
79868	A0A087WT15
79868	A0A087WX43
90952	Q96AP7
3569	P05231
3569	B4DNQ5
3569	B4DVM1
3569	B5MC21
3569	Q75MH2
127602	Q0VDD8
25926	Q9H8H0
2555	P47869
2555	E9PBQ7
80781	P39060
10060	O60706
112755	P61266
284111	Q86YT5
284111	Q68D44
8642	Q96JQ0
5455	P20264
1807	Q14117
1063	P49454
1063	A0A9L9PXU7
1974	Q14240
1951	Q9NYQ7
116150	Q96E22
8604	O75746
1193	O15247
55904	Q8IZD2
79648	Q8NEM0
1062	Q02224
1183	P51793
6326	Q99250
146713	A6NFN3
118924	Q70Z53
1786	P26358
1786	I6L9H2
1786	Q59FP7
2557	P48169
2557	X5D7F5
6804	Q16623
6804	Q75ME0
29881	Q9UHC9
29881	A0A0C4DFX6
178	P35573
178	A0A0S2A4E4
4540	P03915
4540	U5ZC31
10682	Q15125
10682	A0A024QYX0
8905	P56377
8905	A0A5F9ZHW1
8905	Q549M9
9442	Q6P2C8
6497	P12755
8573	O14936
8573	A0A7I2RJN6
132158	Q8IVS8
55362	Q5T3F8
124925	Q53EL9
2312	P20930
30000	O14787
30000	Q05D48
30000	Q4LE60
6329	P35499
171023	Q8IXJ9
171023	Q498B9
2710	P32189
2710	A0A8I5KXY7
2710	B4DH54
23065	Q8N766
9526	O75352
9526	A0A0S2Z4W8
9526	B4DLH7
9526	J3QW43
6046	P25440
6046	A0A1U9X7A8
6046	X5CF57
54681	Q9NXG6
158866	Q96MV8
158866	B3KY34
6535	P48029
6535	Q59EV7
6535	X5D9C4
2132	Q93063
84162	Q2LD37
84162	A0A7P0T938
116442	Q96DA2
8925	Q15751
6487	Q11203
79848	Q1MSJ5
79848	Q9H688
2639	Q92947
23380	O75044
23380	A0A075B7B5
23380	B4DFE5
23380	B7Z3G4
23380	B7ZM87
351	P05067
351	A0A0A0MRG2
351	A0A140VJC8
351	B4DGD0
351	B4DJT9
351	E9PG40
3188	P55795
3188	A0A384MDT2
5428	P54098
5428	E5KNU5
4624	P13533
57465	Q9ULP9
80222	Q9BW92
80222	U3KQG0
81689	Q9BUE6
199857	Q96F25
5621	F7VJQ1
5621	P04156
5621	Q53YK7
79784	Q7Z406
79784	A1L2Z2
79784	B3KWH4
471	P31939
471	V9HWH7
4905	P46459
4905	A0A384MTI6
27327	Q8NDV7
9512	O75439
9512	A0A9L9PXH0
9512	A0A9L9PXI7
9512	B3KM34
9512	Q96CP5
80155	Q9BXJ9
80155	B2RBE5
3032	P55084
3032	F5GZQ3
6508	P48751
51633	Q8N6M0
51633	A0A087X0W9
549	Q13825
549	B4DYI6
55129	Q9NW15
396	P52565
396	J3QQX2
396	V9HWE8
51645	Q9Y3C6
27133	Q8NCM2
3295	P51659
3295	A0A0S2Z4J1
3295	B2R659
3295	B3KSP2
283989	Q7Z6J9
26999	Q96F07
26999	B7Z8N7
26999	E7EVJ5
8818	O94777
9211	O95970
9211	A0A0S2Z4S7
9211	A0A0S2Z4X3
9211	A0A0S2Z5G1
9211	A0A1B0GUD3
5191	O00628
5191	Q6FGN1
55835	Q9HC77
55835	A8K8P1
55835	F6VUX8
7701	P52746
7701	A0A7P0N7C4
56884	Q8N475
6711	Q01082
6711	B2ZZ89
25939	Q9Y3Z3
25939	Q59H15
4841	Q15233
4841	A0A0S2Z4Z9
1123	P15882
22871	Q8N2Q7
2627	Q92908
2263	P21802
2263	A0A141AXF1
2263	D2CGD1
2263	S4R381
3052	P53701
1457	P68400
11041	O43505
1107	Q12873
1107	A0A8V8TR54
1107	B3KWV4
1107	Q2TAZ1
26047	Q9UHC6
26047	A0A090N7T7
26047	B2RCH4
9326	Q15649
10695	Q9BT09
8289	O14497
1105	O14646
1105	B3KT33
54664	Q9NUM4
5053	P00439
64170	Q9H257
2896	P28799
7337	Q05086
7337	Q9H2G0
84876	Q96D31
55869	Q9BY41
1200	O14773
8560	O15121
10524	Q92993
3073	P06865
3073	A0A0S2Z3W3
3073	B4DVA7
3073	H3BP20
55689	Q9ULM3
8831	Q96PV0
8831	A0A1U9X8L0
8831	B7ZCA0
5860	P09417
5860	A0A140VKA9
8888	O60318
4300	P42568
4300	A0A0S2Z448
9711	Q92622
9711	A0A9L9PY84
9711	Q8N4U6
84726	Q5JSZ5
84726	Q9BU62
3899	P51826
3899	Q8NAP7
51256	Q9P0N9
51256	Q5JPB9
51256	U3KPY5
3980	P49916
7074	Q13009
7074	A0A2X0TW27
7074	A0A8V8TN84
375449	O15021
375449	B4DKT8
375449	B4DS23
375449	B4DSE5
375449	E7EX28
375449	Q6T2V4
5991	P48380
1292	P12110
1292	A0A384MDP3
3021	P84243
3021	B2R4P9
2736	P10070
2736	Q1PSW9
2736	Q59FV5
1917	Q05639
23556	O95427
23556	A0A1W2PQA9
127343	Q8NFW5
23102	Q9UPU7
23102	B2RTQ2
4094	O75444
4094	H3BP11
23209	Q15049
777	Q15878
777	Q59FG1
80036	Q9HCF6
80036	A2A3F4
80036	E9PBI7
80036	G5E9G1
80036	H7BYP1
80036	Q6NW43
80036	Q9H200
148789	Q8NCR0
2890	P42261
2890	Q59GL5
5058	Q13153
130013	Q8TDX5
130013	A0A0S2Z681
130013	Q6ZV40
10522	O75398
9757	Q9UMN6
57187	Q8NI27
22983	Q9Y2H9
8659	P30038
8659	A0A024RAC7
25930	Q9H3S7
25930	B4DST5
5099	O60245
5099	A0A8Q3SI70
5099	A0A8V8TM73
79876	Q9GZZ9
7881	Q14722
7881	B7Z435
7881	B7Z8E5
7881	F8W6W4
7881	Q5MJQ3
91801	Q96BT7
889	O00522
889	A4D1F7
5660	P07602
2720	P16278
2720	B7Z6Q5
6496	O95343
5091	P11498
51227	P57054
8398	O60733
5518	P30153
5518	A8K7B7
55753	Q9ULD0
84678	Q8NHM5
84678	B4DSN4
57674	Q63HN8
57674	A0A0A0MTR7
57731	Q9H254
3340	P52848
3340	A8K8T3
246176	Q8NHY3
22895	Q9Y2J0
3908	P24043
3908	Q59H37
55624	Q8WZA1
55624	A0A8I5KNB7
55624	B7Z7F2
55624	B7Z7Q4
3785	O43526
3785	Q53Y30
1718	Q15392
23001	Q8IZQ1
473	Q9P2R6
2674	P56159
2674	B7Z856
23732	Q9P0K9
2731	P23378
1201	Q13286
1201	B4DFF3
1201	B4DMY6
1201	Q2TA70
1968	P41091
2186	Q12830
2186	J3QQK4
56479	Q9NR82
55187	Q5THJ4
2253	P55075
2253	A0A087X1S5
2253	A1A515
1130	Q99698
10102	P43897
10102	E5KS95
2903	Q12879
2903	A0A890YTL4
2903	Q547U9
2903	Q59EW6
140679	Q9H598
91869	Q96AA3
7852	P61073
7852	A0A0U3FJG0
7852	A0A0U3GXA9
7852	A0A8Q3WLL1
57017	O75208
7781	Q99726
7781	B4DXX8
8239	Q93008
8239	A0A994J4R6
8239	A0A994J6S4
8239	Q6P468
8239	Q86X58
56052	Q9BT22
56052	A0A804HJL6
6605	Q969G3
56910	Q9NQZ5
57231	Q9Y5W7
57231	A0A804HJ91
4851	P46531
64324	Q96L73
64324	Q96MN8
170302	Q96QS3
55280	Q69YN2
55280	A0A0S2Z5E9
6773	P52630
6773	R9QE65
3737	P16389
54344	Q9P2X0
54344	A0A140VJI4
54344	Q86TM7
23266	O95490
23266	A0A6I8PTT2
1861	O14656
1861	B3KPA1
8452	Q13618
8452	B7Z600
23545	Q9Y487
9570	O14653
9570	A0A1W2PQE0
9570	A0A1W2PQM3
9570	A0A1W2PR02
9570	A0A1W2PRL0
9570	I3NI02
83700	Q9BX67
27249	Q9H3L0
55526	Q96HY7
57369	Q9UKL4
57369	A0A654IE23
157285	Q86YV5
3141	P50747
10195	Q92685
25974	Q9Y4U1
25974	A0A0C4DGU2
10718	P56975
10718	B3KVG8
10718	B9EGV5
5663	P49768
5663	A0A024R6A3
5663	A0A0S2Z4D2
54806	Q8N157
54806	A0A7P0T7Z8
54806	Q8NER0
3192	Q00839
3192	Q96BA7
8504	P56589
7436	P98155
7436	A0A7P0T897
7436	A0A7P0T9P7
7436	Q5VVF5
538	Q04656
538	B4DRW0
538	Q762B6
2775	P09471
2775	B3KP89
2775	Q6AWC5
2775	Q8N6I9
8733	O43292
23499	Q9UPN3
23499	Q6ZSD7
3796	O00139
3796	A0A6Q8PFA6
3796	B0AZS5
56886	Q9NYU2
192683	Q8TAC9
192683	A0A0A8K8F5
10059	O00429
10059	B4DYR6
25915	Q9BU61
25915	A4FU71
25915	Q9Y3Z0
1142	Q05901
6785	Q9GZR5
7559	P17014
2554	P14867
2554	A8K177
55148	Q8N806
5071	O60260
5071	X5DR79
23299	Q8TD16
23299	Q96FU2
1736	O60832
1736	A0A8Q3SIY6
3643	P06213
64116	Q9C0K1
56123	Q9Y5F0
5296	O00459
593	P12694
593	Q59EI3
3586	P22301
3586	Q6FGW4
79944	Q9H9P8
122553	Q86SZ2
6334	Q9UQD0
6334	Q6B4S4
27018	Q00994
65018	Q9BXM7
285175	Q8N2C7
200205	Q5T440
200205	B4E1G9
2475	P42345
2475	A0A8V8TQ52
5373	O15305
5373	A0A0S2Z4J6
5373	Q59F02
10026	Q92643
4488	P35548
51490	Q5T280
9343	Q15029
9343	B3KX19
4763	P21359
6506	P43004
6506	A0A2R8Y860
6506	A0A2R8YFE3
6506	A0A2U3TZS7
6506	A2A2U1
781	P54289
781	E7ERK3
781	Q9UIU0
1185	P51797
10588	P49914
2561	P47870
867	P22681
10939	Q9Y4W6
10939	Q8TA92
1351	P10176
1351	Q53XN1
9517	O15270
3767	Q14654
3767	A0A804HHV7
3767	B2RC52
6928	P35680
6928	A0A0C4DGS8
6928	E0YMJ6
6928	Q6FHW6
23141	Q86XL3
286204	Q5IJ48
23154	Q9UBB6
26128	Q96EK5
87178	Q8TCS8
51004	Q9Y2Z9
51004	A0A0D9SFJ1
85365	Q9H553
790	P27708
790	F8VPD4
4695	O43678
53335	Q9H165
53335	D9YZV9
53335	D9YZW0
3798	Q12840
55703	Q9NW08
55703	Q7Z3R8
154791	Q96HJ9
1436	P07333
83475	Q9BU89
10755	O14908
10755	A8K2I7
5725	P26599
54676	Q9BX10
54676	A8K2K2
410	P15289
410	A0A0C4DFZ2
410	B4DVI5
518	P48201
9125	Q92600
9125	D5MQE1
93627	Q8TEA7
93627	Q5HYF5
1173	Q96CW1
1173	B4DNB9
1173	E9PFW3
2645	P35557
2645	Q53Y25
5602	P53779
5602	A0A286YF97
5602	F8W9R5
5602	Q499Y8
340533	Q5QGS0
26038	Q8TDI0
9844	Q92556
9844	A4D1X5
200424	O43151
8785	O95460
8785	A2RRP8
8785	A5D8U1
8785	A6NNA4
8785	B3KQB2
440138	Q2TAA5
51430	Q9UBS9
51430	A0A087WV04
51430	B4DYM4
56172	Q9HCJ1
1182	P51790
1182	B3KXK0
1356	P00450
1356	A5PL27
3418	P48735
3418	B4DSZ6
5591	P78527
8892	P49770
8892	Q53XC2
2982	Q02108
2982	B3KU69
1181	P51788
22899	O94989
22899	A0A0S2Z547
4723	P49821
4723	E5KNH5
2911	Q13255
2911	Q59HC2
84919	Q5SWA1
84919	A0A8I5KSH1
8924	O95714
8924	A8KAQ8
514	P56381
4694	O15239
4694	Q6IBB5
11152	Q9Y484
10752	O00533
10752	A0A087X0M8
10717	Q9Y6B7
10717	B1ALD3
10717	B3KSJ4
10717	B4DTG3
285195	Q8IVB4
129685	Q7Z7C8
129685	A0A8I5KXI2
84153	Q8TDP1
9488	Q92521
3703	P46977
10000	Q9Y243
55145	Q9NVV9
7546	O95409
3845	P01116
3845	I1SRC5
3845	L7RSL8
57176	Q5ST30
57176	A0A1U9X9B3
57176	B4DG77
57176	B4E0K6
93587	Q8TBZ6
93587	V9HVY8
1203	O75503
2290	P55316
4858	Q9UNW9
2222	P37268
2222	A0A1W2PQ47
2222	B4DND3
2222	B4DWP0
2222	B7Z9R8
2222	Q6IAX1
128637	Q96BZ9
128637	Q9Y2V8
5160	P08559
6324	Q07699
6324	A0A1W2PR05
4538	P03905
4538	H9EC08
6616	P60880
6657	P48431
6657	A0A0U3FYV6
344148	O14513
950	Q14108
275	P48728
57520	Q9P2P5
57520	A0A2R8Y6F3
894	P30279
4915	Q16620
4915	A0A8I5KR47
4915	Q548C2
4915	Q5VWE5
50651	Q9Y2W3
64207	Q9H1B7
3736	Q09470
388962	Q53S33
388962	Q8N338
63932	Q9H5V9
1523	P39880
1523	Q13948
1523	Q3LIA3
22931	Q9NP72
22931	B7Z4P9
79813	Q9H9B1
79813	A0A1B0GV09
5898	P11233
20	Q9BZC7
8541	O75145
9894	Q9Y4R8
9894	B4DXS2
55768	Q96IV0
84295	Q8IWS0
9466	Q6UWB1
2907	Q7Z429
221692	Q9C0D0
221692	A0A6Q8PFA8
221692	A0A6Q8PG87
221692	A0A6Q8PGC2
221692	A0A8I5QJF9
221692	B4DHU0
23314	Q9UPW6
23314	B3KPQ9
23314	Q59FT3
164	O43747
164	A0A140VJE7
164	Q8IY97
7920	O95870
7920	A0A1U9X777
7920	B3KNX9
3747	Q96PR1
3747	A0A3B3ISR9
51735	Q8TEU7
51735	B2RTU6
8738	P78560
8738	B4DJT6
8738	F5H7C2
8738	F8VV49
8738	F8VVY5
8738	Q53XL1
8738	Q8IY43
5805	Q03393
201595	Q8TCJ2
815	Q9UQM7
815	A8K161
815	Q7LDD5
815	Q8IWE0
4537	P03897
4537	Q7GXZ5
8567	Q8WXG6
8567	A0A0A0MRB5
22906	Q9UPV9
22906	A0A087X0N0
22906	B7Z218
22906	B7ZAE5
3651	P52945
6792	O76039
6335	Q15858
8777	O75970
9739	O15047
26960	Q8NFP9
26960	B3KXQ8
3720	Q92833
4976	O60313
4976	E5KLJ9
4976	E5KLK0
65267	Q9BYP7
51124	Q9Y5U9
23654	O15031
3752	Q9UK17
8722	Q9UBX1
3742	P17658
10472	Q99592
835	P42575
835	A0A087WYM1
835	A0A0S2Z3H1
4929	P43354
4929	F1D8N6
4929	Q53EL4
23233	Q9Y2D4
23233	A0A0U1RRB6
4190	P40925
4190	A0A5K1VW95
4190	V9HWF2
1141	P17787
1141	Q5SXY3
9681	O75140
1806	Q12882
166378	Q8NB90
166378	A0A6Q8PGU6
9013	Q15572
9013	B3KUE8
6748	P51571
84065	Q9H0R3
3423	P22304
3423	B4DGD7
5173	P01213
80232	Q9H7D7
79029	Q9BVQ7
100131801	P0DJ07
3751	Q9NZV8
3751	A4D0V9
6584	O76082
2767	P29992
9896	Q92562
253959	Q6GYQ0
253959	A0A1B0GUI1
253959	A0A7P0TAR5
253959	H0YJB5
3339	P98160
84245	Q9BV20
8884	Q9Y289
8884	Q9HD19
23030	O94953
23030	A0A0C4DFL8
23030	F5GX28
4509	P03928
4509	U5YV54
5913	Q13702
5913	A0A0S2Z4A2
5913	A0A0S2Z4A6
5913	A0A0S2Z4F8
5913	A0A0S2Z4M9
100131390	P0CG40
23316	O14529
2737	P10071
2737	A0A2R8YGX0
6601	Q8TAQ2
6601	F8VXC8
63901	Q96PZ2
6821	P51687
4893	P01111
4893	Q5U091
5649	P78509
8481	O75665
8481	E9KL37
54539	Q9NX14
56006	Q9H0W8
54715	Q9NWB1
54715	B7Z1U7
54715	Q59HD3
6263	Q15413
6263	A0A0U1RRH1
8050	O00330
8050	A0A8C8MSB2
56098	Q9Y5F7
537	Q15904
537	A0A384MQW4
2670	P14136
8514	Q13303
8514	B2R776
788	O43772
673	P15056
1281	P02461
60558	Q8N442
79751	Q9H936
50484	Q7LG56
10075	Q7Z6Z7
55367	Q9HB75
92609	Q3ZCQ8
123606	Q7RTP0
123606	Q8TAY1
5080	P26367
5080	A0A1W2PRA8
5080	D1KF47
5080	F1T0F8
5080	Q66SS1
95	Q03154
95	V9HWA0
5238	O95394
5238	J3KN95
25814	Q9UBB4
2066	Q15303
3553	P01584
84197	Q9H5K3
29929	Q9Y672
5098	Q9UN70
5098	Q9BR81
81704	Q8NF50
81704	E2J6M5
81704	E2J6M6
22883	O94985
22883	B4E3Q1
4297	Q03164
4297	E9PR05
57505	Q5JTZ9
23395	Q15031
4700	P56556
4700	A0A2Y9D025
2048	P29323
2048	B4DSE0
2048	Q4LE53
2048	Q6NVW1
3784	P51787
3784	Q96AI9
175	P20933
7360	Q16851
7360	A0A140VKE1
10236	O43390
10236	B4DMB1
10236	B4DMD1
10236	B4DT28
10236	Q0VGD6
10236	Q6MZS5
11133	Q9Y664
11133	A0A384NLB4
375	P84077
4017	Q9Y4K0
5605	P36507
6392	O14521
6392	A0A0S2Z4H7
6392	A0A0S2Z4J3
7280	Q13885
84320	Q9BR61
84320	B2RAA8
5507	Q9UQK1
11332	O00154
3759	P63252
5610	P19525
5610	Q8IW76
56965	Q2NL67
152992	Q8IYL2
10787	Q9Y2A7
10787	A0A994J4I5
10787	A0A994J6K9
23077	O75592
84823	Q03252
23327	Q96PU5
23327	B7Z2P9
23327	B7Z6K0
10535	O75792
5696	P28062
5696	X5CMJ9
26275	Q6NVY1
26275	A0A140VJL0
56776	Q9NZ56
56776	Q9HBL1
1741	Q92796
1741	Q59FY1
3832	P52732
23334	Q5T011
1742	P78352
1742	B7Z4H2
1742	B7Z647
1742	B9EGL1
2782	P62873
2782	A0A140VJJ8
2782	B3KVK2
9915	Q9HBZ2
9915	Q7Z3A3
9915	Q86TN1
9915	X5DQN9
10641	Q8WTW4
1387	Q92793
3329	P10809
3329	A0A024R3X4
8867	O43426
8867	A0A0D9SGJ6
8867	B9EGN3
8867	C9JFZ1
8867	J3KQV8
8867	Q05CZ1
2898	Q13002
2898	A0A8D9PH75
2898	A8K0H7
2898	Q8IY40
5741	P01270
157922	Q5T5Y3
157922	A0A384NY94
443	P45381
443	Q6FH48
112714	Q6PEY2
9320	Q14669
9320	A0A6Q8PGG9
9320	A0A6Q8PHK0
9320	A0A994J4J0
9320	A0A994J569
9320	A0A994J755
9320	H7C1L9
254065	Q6RI45
6566	P53985
6566	B4DKS0
10585	Q9Y6A1
10585	A0A140VKE0
3054	P51610
348180	Q2VPK5
348180	H3BSW6
1594	O15528
10456	O00165
10456	A0A0S2Z565
10456	A0A0S2Z591
25839	Q9H9E3
25839	A0A0A0MS45
25839	J3KNI1
25839	Q8N8L9
10594	Q6P2Q9
140803	Q9BX84
23474	O95571
23474	A0A0S2Z580
23474	A0A0S2Z5B3
23474	A0A0S2Z5N8
23474	B2RCZ7
343450	Q6UVM3
343450	A0A3B3IRL4
343450	A9LNM6
36	P45954
36	A0A0S2Z3P9
10847	Q6ZRS2
5625	O43272
9091	Q9BRB3
9091	B2RAU6
29072	Q9BYW2
147339	Q96B23
4548	Q99707
24137	O95239
24137	Q59HG1
2997	P13807
10667	O95363
11232	Q9UHN1
11232	E5KS15
205327	Q8N8R5
2897	P39086
2897	B7Z256
2897	B7Z3V7
2897	E7ENK3
2897	E7EPY9
2897	E9PD61
9131	O95831
9131	E9PMA0
10297	O95996
26227	O43175
128240	Q8NCW5
23097	Q9BWU1
23097	B4DUB1
23097	I6W807
81562	Q9H0V9
81562	B4DI83
81562	B4DVH1
81562	B4E308
1139	P36544
3763	P48051
387787	A6NK58
535	Q93050
535	Q53ET5
535	Q53X12
535	Q5CZH6
8772	Q13158
10300	Q9BVA0
4692	Q99608
4692	X5D982
57468	Q9H2X9
23394	Q9H2P0
23394	Q6DHZ8
729920	A4D126
729920	A0A140VJM1
776	Q01668
776	A0A1B0GUN6
776	Q59GD8
3766	P78508
8086	Q9NRG9
84892	Q8NAT1
9997	O43819
2744	O94925
2744	H7C201
2744	Q68D38
5604	Q02750
5604	A4QPA9
5604	B4DFY5
57165	Q5T442
57165	A0A654IBV7
2512	P02792
2512	A0A384MDR3
7915	P51649
7915	X5D299
7915	X5DQN2
9839	O60315
5062	Q13177
5062	A8K5M4
1108	Q14839
1108	F5GWX5
7355	P78381
7355	A6NFI1
7355	A6NKM8
7355	B4DE15
203062	Q96NA8
203062	E5RHT3
203062	Q6P186
4200	P23368
4126	O00462
7109	P48553
23236	Q9NQ66
55670	Q7Z412
55670	A0A024R100
55670	A0A0S2Z5M7
55670	Q7Z2D7
5361	Q9UIW2
10084	O60828
10084	A0A0S2Z4V5
2055	Q9UBY8
8927	Q9UPA5
7319	P49459
7319	A0A0D9SG71
11274	Q9UMW8
5813	Q00577
57604	Q9P272
3735	Q15046
1859	Q13627
1859	A0A2R8Y6I6
1892	P30084
6854	Q92777
6854	B3KRB3
6854	Q59GM1
6854	Q86VA8
3356	P28223
84515	Q9UJA3
84515	B4DN82
90522	Q5BJH7
90522	Q9H5F7
1759	Q05193
1759	B4DK06
1759	B7ZAC0
8910	O43556
8910	A0A0S2Z4P5
8910	A0A2R8Y5J3
8910	A0A2R8YGQ3
8910	B4DP78
8910	C9JR67
8910	E9PEH6
135	P29274
135	A8K1F6
135	B3KVQ4
135	X5DNB4
6598	Q12824
6598	G5E975
6598	Q9H836
27315	Q9UHJ9
27315	A0A024RCD5
27315	A0A0A0MS75
27315	A0A0S2Z568
27315	A8MYS5
27315	B7Z2X5
27315	H0YDQ4
28514	O00548
28514	A0A384P5C6
8450	Q13620
8450	K4DI93
65217	Q96QU1
65217	A0A087WTR6
65217	A0A087WZN9
65217	A0A087X1T6
65217	A2A3D8
65217	A2A3E6
65217	A2A3E7
65217	A2A3E8
65217	A9Z1W1
65217	E7EM53
63908	Q9H115
63908	A0A087WZQ7
2593	Q14353
2593	V9HWB2
675	P51587
92335	Q7RTN6
92335	Q86YC8
128989	Q6ICL3
128989	A0A0A0MSI5
128989	A8K1E7
128989	B7Z4A5
128989	B7Z4V5
128989	B7Z9Q5
166336	Q7Z3G6
11277	Q9NSU2
11277	Q5TZT0
498	P25705
498	V9HW26
57282	Q6U841
89832	P36544
89832	Q494W8
89832	A0A0A6YYA8
6834	Q15526
6834	A0A087WYS9
6834	E5KRX5
3074	P07686
3074	A0A024RAJ6
3074	Q5URX0
80224	Q8TB37
80224	B3KSK2
80224	B4DWB0
80224	X5D2R5
527	P27449
6448	P51688
10617	O95630
10617	A0A140VK54
10617	A0A804HIF8
1593	Q02318
7084	O00142
7084	A4IF54
7084	A5PLM0
7084	B4DIW4
7084	B4E0Z4
7084	J3QRP0
7084	Q8IZR3
3730	P23352
92255	Q68DH5
23152	Q96RK0
23152	A0A0A0MQR4
23040	Q9UL68
23040	A0A2R8YF72
23040	A0A3B3IRM3
23040	A0A3B3IRX5
23040	A0A3B3IS14
23040	A0A3B3IS61
23040	A0A3B3ISW5
128869	Q9H490
57551	Q7L7X3
91647	Q8N5M1
26538	O60403
26538	A0A126GWJ7
57728	Q8NEZ3
57728	B4DGR6
2558	P31644
27086	Q9H334
27086	A0A3B3IT66
27086	Q548T7
27086	Q8N2P0
27086	Q8TEA2
11160	O94905
11160	A0A384ME54
2632	Q04446
2632	Q59ET0
10991	Q99624
10559	P78382
805	P0DP23
805	P0DP24
805	P0DP25
805	B4DJ51
805	Q96HY3
259266	Q8IZT6
259266	B3KWI2
2218	O75072
2218	B4E2W4
57038	Q5T160
57038	A0A8I5KPZ0
57038	H0UI22
6638	P63162
6638	X5DP00
8128	Q92186
8128	B2R9U8
8128	C6G488
8128	Q4VAY9
55217	Q9NVH6
55737	Q96QK1
1373	P31327
1373	Q6PEK7
57526	Q8TAB3
57526	B3KU71
6134	P27635
6134	X5D2T3
8540	O00116
8540	B7Z3Q4
6794	Q15831
6794	A0A0S2Z4D1
56246	Q8TCY5
4952	Q01968
4952	A0A2X0TVZ9
4952	Q504W7
9254	Q9NY47
9215	O95461
9215	X5DR28
80331	Q9H3Z4
80331	Q6AHX3
5073	O95453
5073	B3KN69
3158	P54868
3158	A0A140VJL2
9990	Q9UHW9
9990	Q6NSI7
8241	P98175
8241	A0A0S2Z4W4
8241	A0A0S2Z4X1
8241	Q7Z3D7
6505	P43005
4524	P42898
4524	Q59GJ6
4524	Q8IU67
57492	Q8NFD5
478	P13637
478	Q53ES0
9829	O75061
25782	Q9H2M9
23229	O43307
23229	B1AMR3
9179	O00189
9179	C9JC87
10157	Q9UDR5
10157	A4D0W4
254394	Q9NXL9
254394	A0A0S2Z662
6857	P21579
6857	J3KQA0
6389	P31040
6389	D6RFM5
22907	Q7L2E3
22907	H7BXY3
9289	Q9Y653
9289	A0A024R6U7
9289	A0A0S2Z517
9289	B3KQN7
9289	B3KQV4
9289	B4DM06
2770	P63096
1119	P35790
7737	O15541
1460	P67870
1460	A0A1U9X7J2
1460	N0E4C7
2746	P00367
2746	E9KL48
23503	Q68DK2
79659	Q8NCM8
25914	Q86VV8
2074	P0DP91
2074	Q03468
2074	A8K4Q3
2074	Q59FF6
5627	P07225
5627	A0A0S2Z4K3
5627	A0A0S2Z4L3
7372	P11172
7372	A8K5J1
7068	P10828
7068	A0A024R2I8
84947	Q96JX3
84300	Q9BRT2
5832	P54886
7102	P41732
288	Q12955
288	Q8NAK2
6304	Q01826
5095	P05165
5283	Q14442
4705	O95299
4705	A0A7I2V438
4705	H7C2X4
5950	P02753
5950	Q5VY30
22868	Q9NYY8
137682	Q330K2
137682	A0A075B6P0
145270	Q86XR5
8913	O43497
26503	Q9NRA2
10743	Q7Z5J4
9244	O75462
55361	Q9BTU6
55823	Q9H270
55823	A0A087WXL6
55823	B7Z879
402569	A9QM74
50814	Q15738
50814	A0A384NPZ7
3897	P32004
26057	O75179
64127	Q9HC29
64127	A0A286YF65
120	Q9UEY8
120	Q53FL4
120	Q59EK1
120	Q5VU08
6095	P35398
6095	A0A0C4DFP5
6095	A0A0C4DG53
8192	Q16740
27445	Q9Y6V0
1727	P00387
57094	Q8N4T0
4519	P00156
4519	Q0ZFD6
2560	P18505
2560	X5DNL6
56922	Q96RQ3
56922	A0A0S2Z693
56922	Q68D27
56978	Q9NQV8
56978	Q05CA1
26052	Q9UQ16
29102	Q9NRR4
23230	Q96RL7
94005	Q96S52
94005	Q8NBL9
94005	Q96IR5
2904	Q13224
2904	A0A8D9PHB2
8766	P62491
55650	Q9NUD9
6509	P43007
154881	Q96MP8
9562	Q9UNW1
192670	Q9HCK5
5859	P47897
5859	B7Z840
186	P50052
5347	P53350
2517	P04066
9197	O00400
54802	Q9H3H1
54802	Q3T7C7
54802	Q53F11
1020	Q00535
1020	A0A090N7W4
1020	A0A0S2Z355
6925	P15884
6925	A0A1B0GW91
6925	A0A1B0GWD5
6925	B3KVA4
6925	E9PH57
6925	H3BPJ7
6925	H3BTP3
1660	Q08211
1660	B3KU66
9342	O95721
54968	Q9BUB7
374291	O75251
374291	Q6ZS38
374291	Q7LD69
5277	P37287
5277	A0A2K4ZA02
4811	P14543
81603	Q9BZR9
774	Q00975
6548	P19634
6548	B2RAH2
5279	Q92535
785	O00305
785	A0A1B0GTK1
785	A0A1B0GTP5
785	A0A1B0GTX8
785	H0Y476
9636	P05161
9855	O94887
51733	Q9UBR1
51733	B3KNC1
80816	Q9C0F0
80816	A0A8V8TKV8
285362	Q8NBK3
57493	Q9ULI3
208	P31751
208	B4DG79
1392	P06850
1392	A0A0S2Z478
55252	Q76L83
51360	O43462
4047	P48449
4047	B2R694
8911	Q9P0X4
1491	P32929
4745	Q92832
4745	B3KXR2
4745	F5H6I3
4745	J3KNC5
4745	K9UUD5
830	P47755
830	A4D0V4
1282	P02462
1282	A5PKV2
65078	Q9BZR6
4720	O75306
4720	B7Z792
60	P60709
60	Q1KLZ0
112476	Q7Z6L0
54437	Q9P283
54437	B7Z2B3
54437	C9JKR3
2245	P98174
54872	Q5H8A4
54872	D6RFE8
54872	E7EWV1
54872	Q8NCI4
11154	Q9Y587
51692	Q9UKF6
51692	G5E9W3
11235	Q9BUL8
79718	Q9BZK7
79718	C9JLJ1
554	P30518
2348	P15328
5443	P01189
4535	P03886
4535	U5Z754
10243	Q9NQX3
5878	P51148
10681	O14775
346171	Q9NU63
346171	A0A1U9X8V5
346171	B7ZW61
8929	Q99453
5613	P51817
4693	Q00604
83480	Q9BZE2
83480	A0A087WY59
10861	Q9H2B4
8936	Q92558
57020	Q7Z3J2
57020	B3KT69
57020	E7EWW0
57724	Q9HCE0
57724	Q9BTI0
9230	Q15907
10577	P61916
10577	A0A024R6C0
6507	P43003
6507	A0A087WT87
6507	A0A087X0U3
6507	B4DF14
6507	Q7Z5T0
6507	Q8N169
2664	P31150
2664	A0A0S2Z3X8
401474	Q8N8I0
401474	H0YEJ0
51317	Q96BD5
197258	Q8N0W3
1893	Q16610
1893	A0A140VJI7
4301	P55196
4301	A8MQ02
4301	G1UI22
6595	P51531
6595	B1ALF6
6595	B4DNT1
6595	B4DSC8
6595	F6T8Q0
6595	F6VDE0
6595	Q56A76
6595	Q8N9Q1
1137	P43681
1137	B4DK78
1137	Q4VAQ3
1137	Q59FV0
91942	Q8N183
91942	A0A0S2Z5U1
5723	P78330
8242	P41229
8242	A0A6M4C8G8
23400	Q9NQ11
23400	Q8N4D4
23400	Q8NBS1
728294	Q8N465
728294	B3KSR6
728294	B4E3K7
728294	B5MCV2
51111	Q4FZB7
51111	A0A8V8TQB9
51111	B7WNX0
51111	B7Z5N2
51111	C9J6S5
5376	Q01453
5376	A8MU75
5376	Q6FH25
8295	Q9Y4A5
846	P41180
160418	Q6ZXV5
160418	A8K321
56270	Q5MNZ6
6261	P21817
4650	Q13459
4650	B0I1T6
4650	Q4LE74
4650	Q8WVD2
775	Q13936
775	A0A0A0MR67
775	A0A0A0MSA1
775	A0A804HI37
775	A0A804HIJ8
775	A0A804HJB6
775	A0A804HKC4
775	E9PDI6
775	F5H522
775	Q59GU3
775	Q5V9X9
10329	Q9Y2B1
23265	Q9UPT5
23265	B4DJ07
23265	B5MCY9
23265	Q63HP7
9578	Q9Y5S2
9578	Q86XZ8
256471	Q8NHS3
256471	A0A286YF73
256471	A0A286YFM2
2571	Q99259
2571	A0A0S2Z3V5
2571	Q8IVA8
63950	Q96SC8
4137	P10636
4137	B3KTM0
1475	P01040
610	Q9UL51
83698	Q9BXU9
83698	A4D1Z1
163786	Q6UVJ0
163786	B4DYM7
163786	Q495U0
11151	P31146
84148	Q9H7Z6
6890	Q03518
6890	A0A0S2Z5A6
6890	B7Z7P4
6890	X5CKB3
23417	O95822
6532	P31645
6532	B2R7Y7
63929	Q9NQH7
63929	A0A087X0Z2
6833	Q09428
6575	Q08357
6575	A0A384MR38
6575	B2RBR4
6575	B4DJ71
85378	Q96RT7
2563	O14764
2563	A8K496
79042	Q9BSV6
79042	B4DT51
79042	E7EQB3
10844	Q9BSJ2
10844	Q53EQ3
9568	O75899
9568	H9NIL8
138050	Q68CP4
138050	Q8IVU6
9653	Q7LGA3
6664	P35716
3753	P15382
3753	A7LFK2
3753	A7LFK4
3753	C7S316
3753	Q6FHJ6
6311	Q99700
6311	F8VQP2
6311	Q2M2R5
653	P22003
653	A8K694
653	M9VUD0
10369	Q9Y698
3187	P31943
3187	A0A384MEJ3
120892	Q5S007
120892	Q17RV3
1293	P12111
1293	B7ZW00
1293	D9ZGF2
1293	Q63HQ4
1293	Q8N4Z1
160518	Q6ZUT9
160518	G3V1S3
50944	Q9Y566
50944	H9KV90
1394	P34998
1394	B3SXS2
1394	B3TIK8
1394	G3CIS4
1394	K9J956
4308	Q7Z4N2
2643	P30793
2643	Q8IZH9
80025	Q9BZ23
80025	Q6P1K9
7276	P02766
7276	E9KL36
51112	Q8WVT3
51112	A0A0J9YXQ9
477	P50993
477	A0A0S2Z3W6
617	Q9Y276
617	A0A024R445
617	A8JZZ8
6434	P62995
1135	Q15822
6709	Q13813
6709	A0A384P5S9
3097	P31629
3557	P18510
84720	Q8TEQ8
7248	Q92574
7248	A0A2R8Y5S3
7248	Q32NF0
7248	Q86WV8
7248	X5D9D2
64145	Q9H1K0
64145	A8K5H3
64801	Q9H2C2
5824	P40855
5824	A0A0S2Z497
25885	O95602
55906	Q9NQZ6
50801	Q9NYG8
50801	Q2YDA1
54903	Q9NXB0
54903	A0A7I2V2M0
54903	B4DVC5
54903	H0Y2S2
3455	P48551
3455	Q9BUA0
57511	Q9Y2V7
57511	A0A140VJG7
145581	Q96NI6
145581	G3V364
249	P05186
2044	P54756
2044	A0A384MU00
2044	B7ZKJ3
2044	B7ZKW7
2044	F8VP57
2044	F8W9W0
2044	Q59FT4
10134	P51572
348980	O60741
348980	Q86WJ6
8527	Q16760
1778	Q14204
256297	Q7RTS3
5192	O60683
8621	Q14004
8621	Q9BVE2
4337	Q9NZB8
7122	O00501
7122	D3DX19
2937	P48637
2937	V9HWJ1
54496	Q9NVM4
54496	A0A8I5KXS9
54496	A0A8I5KYD6
11342	O43567
7030	P19532
7030	B4DIA5
5742	P23219
5742	A0A087X296
56947	Q9GZY8
56947	A0A0A0MS29
56947	A0A9L9PY92
4508	P00846
4508	Q0ZFE3
81614	Q8N8Q9
51567	O95551
51567	A0A384MDM5
6197	P51812
6197	A0A384MDW3
6197	B1AXG1
6197	B4DG22
6197	B7ZB17
28982	Q9Y5Y0
28982	B2RB38
8813	O60762
8813	A0A0S2Z4Y5
8813	H0Y368
8813	Q5QPK2
51710	P15621
51710	F8W7T7
2271	P07954
2271	A0A0S2Z4C3
54828	Q9H6U6
54828	Q05D99
55780	Q5T6L9
6323	P35498
2194	P49327
5830	P50542
5830	A0A0S2Z480
5830	A0A0S2Z4F3
5830	A0A0S2Z4H1
5830	B4DR50
5830	B4E0T2
55572	Q96CU9
55572	B4DXM1
5096	P05166
9557	Q86WJ1
9557	A0A0A0MRH8
9557	A0A0A0MSH9
271	Q01433
11284	Q96T60
10846	Q9Y233
10846	A0A1B1UZR0
22845	Q9UPQ8
22845	A0A0S2Z597
11267	Q96H20
26235	Q9UKA2
4726	O75380
4726	Q6IBC4
9255	Q12904
9255	B4DNK3
80055	Q75T13
25973	Q7L3T8
93649	Q8IZQ8
7273	Q8WZ42
7273	A0A0A0MRA3
7273	A0A0A0MTS7
7273	Q7Z3B7
3092	O00291
3092	B4DK46
7532	P61981
23389	Q71F56
4131	P46821
4131	A2BDK6
4131	Q6PJD3
4131	Q86X89
27286	O60687
3762	P48544
3762	A0A5J6E2W8
9373	Q9Y263
6660	P35711
6660	F5H0I3
6660	T2CYZ2
54974	Q9NWX6
54974	B4E366
54974	Q9H8R6
84816	Q8WWV3
4677	O43776
55593	Q96G74
1654	O00571
1654	A0A2R8YFS5
4864	O15118
93183	Q9H3S5
7343	P17480
23031	O60307
71	P63261
57578	Q9P2D8
57578	A0A8Q3SHN5
5194	Q92968
25977	Q8NC96
56853	Q9BZC1
9312	Q92953
50	Q99798
6546	P32418
6546	Q4QQH3
1644	P20711
1644	A0A087WV24
1644	A0A0S2Z3N4
1644	Q53Y41
5925	P06400
23325	Q2M389
23325	A0A087X256
23325	B7ZKT9
64087	Q9HCC0
64087	A0A140VK29
10159	O75787
78987	Q96HD1
78987	A0A804HJJ0
3064	P42858
53616	Q9P0K1
53616	H7C3I4
53616	Q08AL8
22827	Q9UHX1
22827	E9PL19
22827	E9PQ56
22827	H0YEM1
3350	P08908
3350	A8K5W4
3350	Q5ZGX3
11043	Q9UJV3
10413	P46937
10413	K0KVU2
10413	Q86T74
6597	P51532
6597	A7E2E1
6597	B3KNW7
6597	Q9HBD4
3030	P40939
3030	E9KL44
23219	Q9NVF7
284058	Q7Z3B3
284058	A0A9S7M8F4
10564	Q9Y6D5
10564	Q59FR3
10564	Q86TH5
23312	Q8TDJ6
111	O95622
111	A0A384P5Q5
111	B3KWA8
111	B7Z2C7
5015	P32243
5015	F1T0C9
5015	F1T0D0
5015	F1T0D1
80204	Q86XK2
80204	A0A804HK63
79641	Q9GZN7
8802	P53597
10166	Q9Y619
7957	O95278
2891	P42262
84705	Q969Y2
84705	B7Z563
5903	P49792
6900	Q02246
6900	A1L3A3
79143	Q96N66
2629	P04062
2629	A0A068F658
2629	B7Z6S9
10978	Q92989
57680	Q9HCK8
286183	A0A6Q8PFE2
286183	A0A6Q8PFI1
286183	A0A6Q8PFP9
6812	P61764
150094	P57059
100506658	Q16625
100506658	A8K3T2
2324	P35916
166785	Q8IVH4
4128	P21397
4128	Q49A63
4128	Q53YE7
10128	P42704
10128	E5KNY5
113246	Q99622
113246	F5GXW5
113246	U3KQ85
50640	Q9NP80
6611	P52788
10903	A4FU01
126328	Q86Y39
26040	Q9Y6X0
22982	Q9Y2E4
22982	A0A0U1RQW6
22982	Q86XV3
7259	Q9H0U9
9378	P58400
9378	Q9ULB1
9378	A0A0D9SEM5
9378	A0A0D9SEQ7
9378	A0A1D5RMU6
9378	E7EQN4
9378	E7ERL8
9378	H0Y568
9378	H7BYC7
259232	Q8IZF0
1376	P23786
1376	A0A140VK13
1376	A0A1B0GTB8
27429	O43464
27429	A0A384MDW9
27429	A0A8Q3SIX7
8243	Q14683
8243	A0A384MR33
8243	G8JLG1
8243	Q68EN4
5538	P50897
26090	Q8N2K0
84342	Q96MW5
347733	Q9BVA1
347733	A0A384MEE3
51604	Q969N2
3745	Q14721
22866	Q8WXI2
22866	A0A2R8Y622
22866	A0A2R8Y700
22866	A0A2R8Y7A1
22866	A0A2U3TZH5
22866	B3KPN2
24140	Q9UET6
24140	A0A024QYX5
24140	B3KN91
24140	B7Z4K4
9853	Q8N2Y8
197322	Q4G176
197322	F5H5A1
84978	Q7Z6J6
84978	A0A087WVP2
84978	B3KVN9
84978	H0YKW6
57459	Q8WXI9
2776	P50148
2776	A0A024R240
80704	Q9BZV2
2752	P15104
2752	A8YXX4
54820	Q9NXR1
54820	X5DP35
54820	X5DR54
6096	Q58EY0
8726	O75530
8726	E9PJK2
51412	O94805
9487	Q9Y2B2
84138	Q96CW6
8506	P78357
51	Q15067
440193	Q9P219
440193	B4DZB8
387119	Q5SZL2
387119	Q3ZCQ5
4988	P35372
4988	B8K2Q5
4988	G8XRH4
4988	G8XRH5
4988	L0E130
9863	Q86UL8
9863	B7Z4H4
79087	Q9BV10
124454	Q5JPH6
55656	Q75QN2
221037	Q15652
221037	B7ZLC8
5063	O75914
5063	B2RCU6
987	P50851
987	A0A494BZW2
987	A0A8V8TKR0
8996	O60936
8996	Q5TZN6
79621	Q5TBB1
79621	Q8N451
64135	Q9BYX4
6904	Q9BTW9
6904	A0A804HI02
6904	A0A804HIN6
6904	A0A804HJU6
7204	O75962
9095	O60806
9095	B3KRD9
51660	Q9Y5U8
6513	P11166
6513	Q59GX2
2628	P50440
2628	A0A140VK19
79587	Q9HA77
79587	B7Z7E6
1454	P49674
1454	Q5U045
6328	Q9NY46
6328	A0A590UJH3
6328	Q9C007
3912	P07942
3912	Q8TAS6
5728	P60484
5728	F6KD01
1798	Q9H3H5
1798	A0A804HI18
5828	P28328
51399	Q9Y296
51399	B4DF86
51399	E9PKS9
51399	E9PQE8
51399	J3KP27
81857	Q71SY5
5354	P60201
5354	A0A0S2Z4D4
5354	A8K9L3
5354	B4DI30
11011	Q86UE8
11011	A0A804HJZ9
11011	A0A804HK10
11011	B4DUC2
11011	J3QLK5
4208	Q06413
4208	D8L7E9
440	P08243
51294	Q9NPG4
490	P20020
29123	Q6UB99
18	P80404
18	X5D8S1
10501	Q9H3T3
2590	Q10471
2590	A0A1L7NY50
2590	B7Z6K2
151	P18089
104	P78563
104	A0A994J4V7
10382	P04350
84334	Q96IL0
55275	Q5VIR6
55275	B3KS06
2653	P23434
23258	Q6IQ26
23258	A0A7P0Z4N9
1340	P14854
54982	Q9NWW5
54982	A0A024R601
859	P56539
2566	P18507
55074	Q8N573
6844	P63027
6844	F8WCA0
476	P05023
132	P55263
132	A0A140VJE0
132	A0A5F9ZH72
132	A0A5F9ZHJ1
5290	P42336
5290	Q4LE51
6531	Q01959
84992	Q3MUY2
966	P13987
966	Q6FHM9
25821	Q9Y2Z2
3757	Q12809
3757	A0A090N7W1
3757	A0A090N7X5
3757	A0A090N8Q0
3757	Q15BH2
84231	Q6Q0C0
84231	B3KQY7
8443	O15228
79753	Q8TAD8
79753	B1AK66
3746	P48547
1933	P24534
7407	P26640
7407	A0A024RCN6
57107	Q86YH6
57107	B4DKU5
4122	P49641
55157	Q6PI48
55157	Q9H9J7
718	P01024
718	B4DR57
718	V9HWA9
80856	Q9C0E8
80856	B7Z829
10295	O14874
79731	Q96I59
79731	B3KPX5
79731	Q9H5H1
1496	P26232
1496	F6KRI5
1496	Q49AD3
9242	O60682
26115	Q9HCD6
135932	Q8IV31
51133	Q9Y597
23241	Q86VP3
23241	Q8N7J0
10381	Q13509
10381	Q53G92
91949	P83436
91949	A0A0S2Z652
3781	Q9H2S1
3781	A0A3F2YNY5
83696	Q96Q05
8665	O00303
8517	Q9Y6K9
8517	A0A087X1B1
10274	Q8WVM7
10274	Q4LE48
11338	P26368
9693	Q9Y4G8
10299	O60337
64857	Q9H7P9
773	O00555
773	A0A087WW63
773	B5TYJ1
773	Q9NS89
4076	Q14444
55704	Q3V6T2
55704	O14997
91875	Q8N0Z6
91875	Q86T04
2258	Q92913
2258	A8K1P5
57582	Q5JUK3
57582	A0A0R4J2E0
57582	A0A6Q8PGM3
1355	Q7KZN9
1355	B4DQM2
2917	Q14831
2917	B2R693
2917	B9EGG9
2917	Q59G95
5905	P46060
5905	Q9BSK3
2806	P00505
79796	Q9H6U8
10319	Q9Y6N6
10319	Q8N2D6
80169	Q2NKJ3
627	P23560
627	A0A0E3SU01
158	P30566
158	X5D7W4
158	X5D8S6
4179	P15529
8085	O14686
8085	Q59FG6
8085	Q6PIA1
22934	P49247
8635	O00584
1629	P11182
1629	A0A7P0T9W1
11212	O94903
1410	P02511
1410	A0A024R3B9
1410	V9HW27
133686	Q4G0N4
133686	B7Z8V7
7025	P10589
7707	Q9UQR1
83636	Q9NSK7
1501	Q9UQB3
1501	B4DJU1
1501	B4DRK2
1501	E7EPC8
2581	P54803
2581	A0A0A0MQV0
207	P31749
207	B0LPE5
207	B3KVH4
91851	Q9BU40
27010	Q9H3S4
27010	A0A090N8Y0
27010	F5GZG6
2741	P23415
2741	Q14C71
5528	Q14738
3691	P16144
3691	B7ZLD8
22897	Q9UPV0
4810	Q6T4R5
523	P38606
6764	P78524
8890	Q9UI10
8890	B4DUP5
8890	E7ERK9
8890	F8W8L6
8890	Q71US4
8890	Q9HBP7
8820	Q9UBX0
57466	O95104
3190	P61978
3190	B4DUQ1
1729	O60610
1729	A0A2R8Y5N1
1729	Q6URC4
27252	Q9Y2M5
55690	Q6VY07
5230	P00558
5230	V9HWF4
84896	Q8NBU5
84896	A0A7P0T9B4
84896	A0A7P0T9U2
2257	P61328
2257	A0A7U3JVY3
23600	Q9UHK6
29925	Q9Y5P6
3155	P35914
54209	Q9NZC2
54209	Q5TCX1
22930	Q15042
22930	A0A8J9AUI2
22930	B9A6J2
26053	Q8WXX7
4204	P51608
4204	A0A140VKC4
4204	D3YJ43
4204	Q59FJ6
2879	P36969
2879	Q6PI42
2018	Q04743
23431	Q9UPM8
23431	B4DM48
51091	Q9HD40
51091	A1A4F3
8891	Q9NR50
8891	Q9HA31
143098	Q5T2T1
3516	Q06330
1476	P04080
1476	Q76LA1
6567	P36021
79005	Q9BWG6
9338	Q15170
113179	Q96EY9
113179	D6W601
27094	Q9NPA1
8120	Q13367
8120	F5GYB0
10815	O14810
79947	Q86SQ9
29078	Q9P032
51322	Q9BTA9
1213	Q00610
1213	A0A087WVQ6
10771	Q15326
10771	B7Z2J6
10771	Q5BJG6
10771	Q5UGI2
224	P51648
127833	Q8N9I0
56652	Q96RR1
56652	A0A2R8Y4V4
56652	A0A2R8Y746
56652	E5KSY5
56652	Q9H6V3
23426	Q9Y3R0
23426	A0A8V8TLS6
55777	Q9P267
51807	Q9NY65
9900	Q7L0J3
9900	B4E000
1719	P00374
1719	B0YJ76
1719	B4DM58
3028	Q99714
3028	A0A0S2Z410
169522	Q8TDN2
25828	Q99757
54617	Q9ULG1
51621	Q9Y2Y9
51621	X5DNR2
4719	P28331
4719	E5KRK5
2902	Q05586
2902	Q59GW0
2902	Q5VSF9
284361	Q5UCC4
3198	P49639
57688	Q9HCJ5
81609	Q96L92
81609	A0A2R8Y8A7
113235	Q96NT5
10982	Q15555
51075	Q9Y320
27245	Q5TGY3
6529	P30531
6529	A0A2R8Y4I3
6529	B7Z3C5
5193	O00623
56997	Q8NI60
93185	Q969P0
8912	O95180
8912	A0A1W2PQW2
8912	B3KQH9
51114	Q9Y397
7994	Q92794
7994	A5PKX7
7994	A5PLL3
26205	Q9UKD1
26205	B4DQS0
8878	Q13501
123263	Q96DP5
8021	P35658
8021	B7ZAV2
55775	Q9NUW8
55775	B3KN41
55775	G3V2F4
652	P12644
652	Q53XC5
79133	Q5TEU4
378884	Q6VVB1
23133	Q9UPP1
23133	H0Y3N9
23133	O95327
57477	Q9ULL8
51343	Q9UM11
1641	O43602
1641	A8K340
7130	P98066
10352	Q9UGM6
84879	Q8NA29
84879	B4DNN7
84879	E7EPI8
84879	Q71RE4
1280	P02458
1509	P07339
1509	V9HWI3
7249	P49815
7249	B3KWH7
7249	H3BMQ0
7249	Q5HYF7
7249	X5D7Q2
29899	P81274
29899	B4DIF1
10188	Q07912
10188	A0A499FJ16
10188	B3KXJ4
10188	C9J1X3
10659	O95319
10659	A0A0J9YX66
10659	A0A0J9YXJ0
10659	A0A1B0GU44
10659	A0A1B0GUN8
10659	B4DDE7
10659	B4DIB6
10659	B4DT00
10659	B4DZ01
10659	E9PC62
27235	Q96H96
23613	Q9ULU4
23613	A0A087WVZ6
23613	A6H8Y8
23613	Q2HXV5
23613	Q569J9
23657	Q9UPY5
339983	Q8N9F0
6697	P35270
2556	P34903
22859	O94910
375387	Q86YC3
3756	O95259
11019	O43766
11019	B4E0L7
11019	Q6P5Q6
221927	Q6PJG6
23443	Q9Y2D2
23443	A0A1W2PQL8
23443	A0A1W2PRT7
23443	A0A1W2PSD1
83884	Q9BXI2
4669	P54802
4669	A0A140VJE4
6840	O95425
6840	A0A6I8PIX7
6840	Q569J5
55870	Q9NR48
55870	A0A7I2V316
55870	A0A7I2V3D6
51569	P61960
85440	Q96N67
427	Q13510
427	A8K0B6
427	Q53H01
2906	O15399
2906	Q59G17
5287	O00750
5287	A2RUF7
5287	Q4LE65
26873	O14841
80184	O15078
80184	A0A6Q8PGB1
80184	J3KNF5
80184	Q05BJ6
5048	P43034
5048	A0A6Q8PFU3
51117	Q9Y3A0
3020	P84243
3020	B2R4P9
8314	Q92560
2022	P17813
2022	B7Z6Y5
2022	F5GX88
2022	Q5T9B9
2022	Q96CG0
56131	Q9Y5E5
7982	Q9NRC1
7982	X5DRA0
8943	O14617
1738	P09622
1738	A0A024R713
1738	E9PEX6
1788	Q9Y6K1
1788	A0A0C4DG02
1788	F8WE91
1788	Q59HC6
84842	Q96IR7
11091	P61964
6469	Q15465
2893	P48058
2893	A0A8D9PH77
2893	A0A994J6J2
2893	Q1WWK6
526	P21281
526	A0A140VK65
27183	Q9UN37
5664	P49810
114327	Q5JVL4
114327	B2CKC5
16	P49588
6576	P53007
6576	D3DX16
6576	D9HTE9
383	P05089
2530	Q9BYC5
2530	A8K8P8
2530	Q546E0
81570	Q9H078
81570	A0A140VK11
6651	P18583
6651	J3QSZ5
6651	Q6ZRV7
3799	P33176
3799	Q6P164
3799	V9HW29
8320	O95936
8320	B7Z4K0
7531	P62258
7531	V9HW98
51366	O95071
55209	Q9C0A6
55209	E7EWN3
5420	O00592
5420	Q96N83
124512	Q86XA0
124512	Q8N712
7841	Q13724
7841	A0A384MDR6
7841	Q58F09
7846	Q71U36
460	O14525
460	A6H8Y4
460	B1AJS1
3708	Q14643
3708	B4DER3
3708	B4DGH1
3708	Q59H91
79955	Q9H5P4
79955	A0A2R8Y892
79955	A0A2R8YFN1
3748	Q14003
79152	Q7L5A8
29994	Q9UIF8
23261	Q9Y6Y1
63925	Q9H4Z2
63925	Q8IW09
501	P49419
6855	P08247
9898	Q14157
9898	A0AA34QVE6
9898	B4DYY5
9898	F8W726
5927	P29375
54936	Q9NX46
54936	B7ZAN4
23221	Q9BYZ6
22884	Q9Y2I8
54551	Q9UJ55
51520	Q9P2J5
51520	A0A6I8PL42
51520	B4DER1
51520	B4E266
5281	Q07326
5281	Q6IB04
3251	P00492
3251	A0A140VJL3
3786	O43525
116115	Q8TF50
116115	H9ZYJ3
7468	O96028
116461	Q8WW01
116461	A0A2U3TZM3
116461	B1ALV0
116461	E9PPN1
4191	P40926
4191	A0A024R4K3
4191	B3KTM1
4191	G3XAL0
79068	Q9C0B1
79068	A0A1B0GTC5
79068	B3KU60
79068	Q99770
7504	P51811
57178	Q9ULJ6
57178	A0JLS3
1352	Q12887
55005	Q9NWS8
55005	A0A087WXU0
348	P02649
348	A0A0S2Z3D5
5881	P60763
539	P48047
5833	Q99447
5833	B3KSC8
5833	B7Z4W6
5833	I3L1R7
55163	Q9NVS9
55163	V9HW45
55088	Q7Z3E2
55088	A0A0C4DFU7
55088	Q496Y1
9759	P56524
9759	A0A7I2SVS4
93210	Q96FM1
93210	A8K0P7
93210	J3QKU0
1950	P01133
374354	Q8NBF2
374354	Q7Z658
343035	Q7Z3Z2
1120	Q9Y259
83605	Q9BSQ5
83605	B7Z8D5
84188	Q8WVX9
547	Q12756
547	A0A3B3IT28
547	A0A3B3ITE5
547	A0A3B3IU40
8915	O95999
8915	A0A087WWW9
8915	A2TDT2
51199	Q8N4C6
51199	Q5XUU0
5530	Q08209
5530	A0A0S2Z4B5
5530	A0A0S2Z4C6
56945	P82650
26580	Q96G97
26580	A0A024R549
9871	O94855
9871	A8K6V0
816	Q13554
816	A4D2J9
816	B7Z1Z6
594	P21953
594	A0A140VKB3
594	B4E2N3
594	B7ZB80
3778	Q12791
3778	A0A087WZL8
3778	A0A1W2PP94
3778	A0A1W2PPY5
3778	A0A1W2PQK5
3778	A0A1W2PQU4
3778	A0A1W2PR56
3778	A0A1W2PR62
3778	A0A1W2PRN5
3778	B7ZMF5
3778	D5MRH1
3778	Q59FH2
3778	Q5SVJ7
3778	S4R453
686	P43251
7187	Q13114
7187	A6NHG8
23345	Q8NF91
23345	A0A0C4DG40
23345	B4E3R1
23345	B7Z9Y6
23345	F8WAI0
8131	Q12980
8131	B7Z220
8131	B7Z6Q0
8131	Q9BTE2
1106	O14647
23637	Q9Y3P9
51761	Q9NTI2
51761	B7Z880
51761	Q6ZU25
51010	Q9NQT5
51010	Q9NYS3
6853	P17600
57572	Q96HP0
57572	B7Z9U8
4761	Q15784
203068	P07437
203068	B4DMJ5
203068	B4DQN9
203068	B4DY90
203068	Q5ST81
203068	Q5SU16
1740	Q15700
1740	A0A994J587
1740	A0A994J7Q5
1740	B7Z2T4
1740	E9PIJ9
2110	Q16134
2110	B4DEQ0
144165	Q96MT3
144165	B3KVG3
144165	B3KVG6
10565	Q9Y6D6
9213	Q9UBH6
9440	Q9NVC6
11253	Q9UKM7
11253	H0YG20
4036	P98164
4036	Q7Z5C0
4036	Q7Z5C1
4724	O43181
4724	A0A0S2Z433
23096	Q5JU85
10087	Q9Y5P4
57451	Q9NT68
57451	A0A8Q3SIA3
57451	F8VNQ3
57451	G3V106
84706	Q8TD30
55699	Q9NSE4
7358	O60701
6336	Q9Y5Y9
5515	P67775
5515	B3KUN1
57531	Q8IYU2
79633	Q6V0I7
79633	A0A6Q8JR05
79633	A0A7P0T1I0
79633	B3KU84
79633	X2G5I7
79633	X2GA70
1605	Q14118
9270	O14713
9270	B4DQY5
220296	Q14CZ8
2559	Q16445
1967	Q14232
284098	Q7Z7B1
546	P46100
546	A4LAA3
546	B4DLW1
8629	O75564
139285	Q5JTC6
10021	Q9Y3Q4
1756	P11532
1756	A0A0S2Z3B5
1756	A0A0S2Z3J7
1756	A7E212
1756	Q16484
1756	Q4G0X0
5274	Q99574
5274	A0A0S2Z455
84942	Q6P4I2
84942	Q5RKY8
84942	Q6PJL8
29968	Q9Y617
4703	P20929
4703	Q05C45
4703	Q96MF8
8496	Q86W92
4758	Q99519
4758	Q5JQI0
55325	Q9NUQ7
55325	B3KRI4
7050	Q15583
54187	Q9NR45
51741	Q9NZC7
51741	A0A411HBC7
2261	P22607
2261	Q0IJ44
28952	O60826
79053	Q9BVK2
79053	A0A024R5K5
2550	Q9UBS5
2550	A0A1U9X7R0
2550	C9J342
2550	Q59HG8
2550	Q5SUJ9
2550	Q8IW08
3797	O14782
3797	A2RU78
29954	Q9UKY4
148022	Q8IUC6
